"filename", "language", "JSON with Comments", "JSON", "TypeScript", "JavaScript", "Markdown", "HTML", "PostCSS", "TOML", "YAML", "TypeScript JSX", "Rust", "Docker", "XML", "comment", "blank", "total"
"c:\Users\rxxim\Advanced-FitchFork\.github\actions\start-servers\action.yml", "YAML", 0, 0, 0, 0, 0, 0, 0, 0, 223, 0, 0, 0, 0, 7, 21, 251
"c:\Users\rxxim\Advanced-FitchFork\.github\workflows\ci.yml", "YAML", 0, 0, 0, 0, 0, 0, 0, 0, 138, 0, 0, 0, 0, 8, 25, 171
"c:\Users\rxxim\Advanced-FitchFork\README.md", "Markdown", 0, 0, 0, 0, 144, 0, 0, 0, 0, 0, 0, 0, 0, 0, 61, 205
"c:\Users\rxxim\Advanced-FitchFork\backend\.cargo\config.toml", "TOML", 0, 0, 0, 0, 0, 0, 0, 2, 0, 0, 0, 0, 0, 0, 0, 2
"c:\Users\rxxim\Advanced-FitchFork\backend\Cargo.lock", "TOML", 0, 0, 0, 0, 0, 0, 0, 4698, 0, 0, 0, 0, 0, 2, 502, 5202
"c:\Users\rxxim\Advanced-FitchFork\backend\Cargo.toml", "TOML", 0, 0, 0, 0, 0, 0, 0, 14, 0, 0, 0, 0, 0, 0, 1, 15
"c:\Users\rxxim\Advanced-FitchFork\backend\INTEGRATION_TESTS.md", "Markdown", 0, 0, 0, 0, 20, 0, 0, 0, 0, 0, 0, 0, 0, 0, 10, 30
"c:\Users\rxxim\Advanced-FitchFork\backend\Makefile.toml", "TOML", 0, 0, 0, 0, 0, 0, 0, 21, 0, 0, 0, 0, 0, 0, 7, 28
"c:\Users\rxxim\Advanced-FitchFork\backend\README.md", "Markdown", 0, 0, 0, 0, 54, 0, 0, 0, 0, 0, 0, 0, 0, 0, 29, 83
"c:\Users\rxxim\Advanced-FitchFork\backend\UNIT_TESTS.md", "Markdown", 0, 0, 0, 0, 22, 0, 0, 0, 0, 0, 0, 0, 0, 0, 11, 33
"c:\Users\rxxim\Advanced-FitchFork\backend\ai\Cargo.toml", "TOML", 0, 0, 0, 0, 0, 0, 0, 15, 0, 0, 0, 0, 0, 0, 2, 17
"c:\Users\rxxim\Advanced-FitchFork\backend\ai\src\algorithms\code_coverage.rs", "Rust", 0, 0, 0, 0, 0, 0, 0, 0, 0, 0, 18, 0, 0, 5, 6, 29
"c:\Users\rxxim\Advanced-FitchFork\backend\ai\src\algorithms\genetic_algorithm.rs", "Rust", 0, 0, 0, 0, 0, 0, 0, 0, 0, 0, 459, 0, 0, 53, 70, 582
"c:\Users\rxxim\Advanced-FitchFork\backend\ai\src\algorithms\mod.rs", "Rust", 0, 0, 0, 0, 0, 0, 0, 0, 0, 0, 3, 0, 0, 0, 1, 4
"c:\Users\rxxim\Advanced-FitchFork\backend\ai\src\algorithms\rng.rs", "Rust", 0, 0, 0, 0, 0, 0, 0, 0, 0, 0, 133, 0, 0, 2, 20, 155
"c:\Users\rxxim\Advanced-FitchFork\backend\ai\src\lib.rs", "Rust", 0, 0, 0, 0, 0, 0, 0, 0, 0, 0, 252, 0, 0, 151, 55, 458
"c:\Users\rxxim\Advanced-FitchFork\backend\ai\src\utils\attributes.rs", "Rust", 0, 0, 0, 0, 0, 0, 0, 0, 0, 0, 27, 0, 0, 11, 6, 44
"c:\Users\rxxim\Advanced-FitchFork\backend\ai\src\utils\evaluator.rs", "Rust", 0, 0, 0, 0, 0, 0, 0, 0, 0, 0, 582, 0, 0, 50, 76, 708
"c:\Users\rxxim\Advanced-FitchFork\backend\ai\src\utils\mod.rs", "Rust", 0, 0, 0, 0, 0, 0, 0, 0, 0, 0, 3, 0, 0, 0, 0, 3
"c:\Users\rxxim\Advanced-FitchFork\backend\ai\src\utils\output.rs", "Rust", 0, 0, 0, 0, 0, 0, 0, 0, 0, 0, 103, 0, 0, 11, 20, 134
"c:\Users\rxxim\Advanced-FitchFork\backend\api\Cargo.toml", "TOML", 0, 0, 0, 0, 0, 0, 0, 59, 0, 0, 0, 0, 0, 9, 13, 81
"c:\Users\rxxim\Advanced-FitchFork\backend\api\src\auth\claims.rs", "Rust", 0, 0, 0, 0, 0, 0, 0, 0, 0, 0, 9, 0, 0, 0, 2, 11
"c:\Users\rxxim\Advanced-FitchFork\backend\api\src\auth\extractors.rs", "Rust", 0, 0, 0, 0, 0, 0, 0, 0, 0, 0, 42, 0, 0, 21, 7, 70
"c:\Users\rxxim\Advanced-FitchFork\backend\api\src\auth\guards.rs", "Rust", 0, 0, 0, 0, 0, 0, 0, 0, 0, 0, 515, 0, 0, 15, 65, 595
"c:\Users\rxxim\Advanced-FitchFork\backend\api\src\auth\middleware.rs", "Rust", 0, 0, 0, 0, 0, 0, 0, 0, 0, 0, 46, 0, 0, 28, 7, 81
"c:\Users\rxxim\Advanced-FitchFork\backend\api\src\auth\mod.rs", "Rust", 0, 0, 0, 0, 0, 0, 0, 0, 0, 0, 29, 0, 0, 4, 8, 41
"c:\Users\rxxim\Advanced-FitchFork\backend\api\src\lib.rs", "Rust", 0, 0, 0, 0, 0, 0, 0, 0, 0, 0, 5, 0, 0, 0, 0, 5
"c:\Users\rxxim\Advanced-FitchFork\backend\api\src\main.rs", "Rust", 0, 0, 0, 0, 0, 0, 0, 0, 0, 0, 73, 0, 0, 5, 18, 96
"c:\Users\rxxim\Advanced-FitchFork\backend\api\src\response\mod.rs", "Rust", 0, 0, 0, 0, 0, 0, 0, 0, 0, 0, 37, 0, 0, 56, 7, 100
"c:\Users\rxxim\Advanced-FitchFork\backend\api\src\routes\auth\get.rs", "Rust", 0, 0, 0, 0, 0, 0, 0, 0, 0, 0, 233, 0, 0, 137, 29, 399
"c:\Users\rxxim\Advanced-FitchFork\backend\api\src\routes\auth\mod.rs", "Rust", 0, 0, 0, 0, 0, 0, 0, 0, 0, 0, 24, 0, 0, 32, 4, 60
"c:\Users\rxxim\Advanced-FitchFork\backend\api\src\routes\auth\post.rs", "Rust", 0, 0, 0, 0, 0, 0, 0, 0, 0, 0, 495, 0, 0, 322, 70, 887
"c:\Users\rxxim\Advanced-FitchFork\backend\api\src\routes\common.rs", "Rust", 0, 0, 0, 0, 0, 0, 0, 0, 0, 0, 34, 0, 0, 0, 3, 37
"c:\Users\rxxim\Advanced-FitchFork\backend\api\src\routes\health.rs", "Rust", 0, 0, 0, 0, 0, 0, 0, 0, 0, 0, 9, 0, 0, 26, 3, 38
"c:\Users\rxxim\Advanced-FitchFork\backend\api\src\routes\me\announcements.rs", "Rust", 0, 0, 0, 0, 0, 0, 0, 0, 0, 0, 148, 0, 0, 55, 26, 229
"c:\Users\rxxim\Advanced-FitchFork\backend\api\src\routes\me\assignments.rs", "Rust", 0, 0, 0, 0, 0, 0, 0, 0, 0, 0, 140, 0, 0, 54, 23, 217
"c:\Users\rxxim\Advanced-FitchFork\backend\api\src\routes\me\grades.rs", "Rust", 0, 0, 0, 0, 0, 0, 0, 0, 0, 0, 246, 0, 0, 85, 31, 362
"c:\Users\rxxim\Advanced-FitchFork\backend\api\src\routes\me\mod.rs", "Rust", 0, 0, 0, 0, 0, 0, 0, 0, 0, 0, 15, 0, 0, 21, 4, 40
"c:\Users\rxxim\Advanced-FitchFork\backend\api\src\routes\me\submissions.rs", "Rust", 0, 0, 0, 0, 0, 0, 0, 0, 0, 0, 258, 0, 0, 75, 32, 365
"c:\Users\rxxim\Advanced-FitchFork\backend\api\src\routes\me\tickets.rs", "Rust", 0, 0, 0, 0, 0, 0, 0, 0, 0, 0, 217, 0, 0, 66, 32, 315
"c:\Users\rxxim\Advanced-FitchFork\backend\api\src\routes\mod.rs", "Rust", 0, 0, 0, 0, 0, 0, 0, 0, 0, 0, 20, 0, 0, 23, 3, 46
"c:\Users\rxxim\Advanced-FitchFork\backend\api\src\routes\modules\announcements\common.rs", "Rust", 0, 0, 0, 0, 0, 0, 0, 0, 0, 0, 7, 0, 0, 4, 3, 14
"c:\Users\rxxim\Advanced-FitchFork\backend\api\src\routes\modules\announcements\delete.rs", "Rust", 0, 0, 0, 0, 0, 0, 0, 0, 0, 0, 25, 0, 0, 30, 3, 58
"c:\Users\rxxim\Advanced-FitchFork\backend\api\src\routes\modules\announcements\get.rs", "Rust", 0, 0, 0, 0, 0, 0, 0, 0, 0, 0, 158, 0, 0, 49, 16, 223
"c:\Users\rxxim\Advanced-FitchFork\backend\api\src\routes\modules\announcements\mod.rs", "Rust", 0, 0, 0, 0, 0, 0, 0, 0, 0, 0, 23, 0, 0, 23, 5, 51
"c:\Users\rxxim\Advanced-FitchFork\backend\api\src\routes\modules\announcements\post.rs", "Rust", 0, 0, 0, 0, 0, 0, 0, 0, 0, 0, 28, 0, 0, 39, 4, 71
"c:\Users\rxxim\Advanced-FitchFork\backend\api\src\routes\modules\announcements\put.rs", "Rust", 0, 0, 0, 0, 0, 0, 0, 0, 0, 0, 24, 0, 0, 40, 4, 68
"c:\Users\rxxim\Advanced-FitchFork\backend\api\src\routes\modules\assignments\common.rs", "Rust", 0, 0, 0, 0, 0, 0, 0, 0, 0, 0, 69, 0, 0, 11, 10, 90
"c:\Users\rxxim\Advanced-FitchFork\backend\api\src\routes\modules\assignments\config\get.rs", "Rust", 0, 0, 0, 0, 0, 0, 0, 0, 0, 0, 101, 0, 0, 87, 7, 195
"c:\Users\rxxim\Advanced-FitchFork\backend\api\src\routes\modules\assignments\config\mod.rs", "Rust", 0, 0, 0, 0, 0, 0, 0, 0, 0, 0, 15, 0, 0, 12, 3, 30
"c:\Users\rxxim\Advanced-FitchFork\backend\api\src\routes\modules\assignments\config\post.rs", "Rust", 0, 0, 0, 0, 0, 0, 0, 0, 0, 0, 86, 0, 0, 48, 8, 142
"c:\Users\rxxim\Advanced-FitchFork\backend\api\src\routes\modules\assignments\delete.rs", "Rust", 0, 0, 0, 0, 0, 0, 0, 0, 0, 0, 74, 0, 0, 75, 11, 160
"c:\Users\rxxim\Advanced-FitchFork\backend\api\src\routes\modules\assignments\files\delete.rs", "Rust", 0, 0, 0, 0, 0, 0, 0, 0, 0, 0, 82, 0, 0, 45, 8, 135
"c:\Users\rxxim\Advanced-FitchFork\backend\api\src\routes\modules\assignments\files\get.rs", "Rust", 0, 0, 0, 0, 0, 0, 0, 0, 0, 0, 111, 0, 0, 71, 11, 193
"c:\Users\rxxim\Advanced-FitchFork\backend\api\src\routes\modules\assignments\files\mod.rs", "Rust", 0, 0, 0, 0, 0, 0, 0, 0, 0, 0, 16, 0, 0, 18, 3, 37
"c:\Users\rxxim\Advanced-FitchFork\backend\api\src\routes\modules\assignments\files\post.rs", "Rust", 0, 0, 0, 0, 0, 0, 0, 0, 0, 0, 151, 0, 0, 54, 10, 215
"c:\Users\rxxim\Advanced-FitchFork\backend\api\src\routes\modules\assignments\get.rs", "Rust", 0, 0, 0, 0, 0, 0, 0, 0, 0, 0, 507, 0, 0, 238, 51, 796
"c:\Users\rxxim\Advanced-FitchFork\backend\api\src\routes\modules\assignments\interpreter\delete.rs", "Rust", 0, 0, 0, 0, 0, 0, 0, 0, 0, 0, 53, 0, 0, 35, 6, 94
"c:\Users\rxxim\Advanced-FitchFork\backend\api\src\routes\modules\assignments\interpreter\get.rs", "Rust", 0, 0, 0, 0, 0, 0, 0, 0, 0, 0, 85, 0, 0, 14, 9, 108
"c:\Users\rxxim\Advanced-FitchFork\backend\api\src\routes\modules\assignments\interpreter\mod.rs", "Rust", 0, 0, 0, 0, 0, 0, 0, 0, 0, 0, 33, 0, 0, 18, 4, 55
"c:\Users\rxxim\Advanced-FitchFork\backend\api\src\routes\modules\assignments\interpreter\post.rs", "Rust", 0, 0, 0, 0, 0, 0, 0, 0, 0, 0, 132, 0, 0, 18, 10, 160
"c:\Users\rxxim\Advanced-FitchFork\backend\api\src\routes\modules\assignments\mark_allocator\get.rs", "Rust", 0, 0, 0, 0, 0, 0, 0, 0, 0, 0, 28, 0, 0, 92, 3, 123
"c:\Users\rxxim\Advanced-FitchFork\backend\api\src\routes\modules\assignments\mark_allocator\mod.rs", "Rust", 0, 0, 0, 0, 0, 0, 0, 0, 0, 0, 14, 0, 0, 13, 3, 30
"c:\Users\rxxim\Advanced-FitchFork\backend\api\src\routes\modules\assignments\mark_allocator\post.rs", "Rust", 0, 0, 0, 0, 0, 0, 0, 0, 0, 0, 29, 0, 0, 72, 4, 105
"c:\Users\rxxim\Advanced-FitchFork\backend\api\src\routes\modules\assignments\mark_allocator\put.rs", "Rust", 0, 0, 0, 0, 0, 0, 0, 0, 0, 0, 81, 0, 0, 127, 7, 215
"c:\Users\rxxim\Advanced-FitchFork\backend\api\src\routes\modules\assignments\memo_output\get.rs", "Rust", 0, 0, 0, 0, 0, 0, 0, 0, 0, 0, 95, 0, 0, 34, 15, 144
"c:\Users\rxxim\Advanced-FitchFork\backend\api\src\routes\modules\assignments\memo_output\mod.rs", "Rust", 0, 0, 0, 0, 0, 0, 0, 0, 0, 0, 11, 0, 0, 6, 2, 19
"c:\Users\rxxim\Advanced-FitchFork\backend\api\src\routes\modules\assignments\memo_output\post.rs", "Rust", 0, 0, 0, 0, 0, 0, 0, 0, 0, 0, 79, 0, 0, 85, 8, 172
"c:\Users\rxxim\Advanced-FitchFork\backend\api\src\routes\modules\assignments\mod.rs", "Rust", 0, 0, 0, 0, 0, 0, 0, 0, 0, 0, 185, 0, 0, 38, 4, 227
"c:\Users\rxxim\Advanced-FitchFork\backend\api\src\routes\modules\assignments\plagiarism\delete.rs", "Rust", 0, 0, 0, 0, 0, 0, 0, 0, 0, 0, 129, 0, 0, 125, 11, 265
"c:\Users\rxxim\Advanced-FitchFork\backend\api\src\routes\modules\assignments\plagiarism\get.rs", "Rust", 0, 0, 0, 0, 0, 0, 0, 0, 0, 0, 310, 0, 0, 104, 46, 460
"c:\Users\rxxim\Advanced-FitchFork\backend\api\src\routes\modules\assignments\plagiarism\mod.rs", "Rust", 0, 0, 0, 0, 0, 0, 0, 0, 0, 0, 25, 0, 0, 24, 4, 53
"c:\Users\rxxim\Advanced-FitchFork\backend\api\src\routes\modules\assignments\plagiarism\patch.rs", "Rust", 0, 0, 0, 0, 0, 0, 0, 0, 0, 0, 116, 0, 0, 116, 12, 244
"c:\Users\rxxim\Advanced-FitchFork\backend\api\src\routes\modules\assignments\plagiarism\post.rs", "Rust", 0, 0, 0, 0, 0, 0, 0, 0, 0, 0, 182, 0, 0, 132, 19, 333
"c:\Users\rxxim\Advanced-FitchFork\backend\api\src\routes\modules\assignments\plagiarism\put.rs", "Rust", 0, 0, 0, 0, 0, 0, 0, 0, 0, 0, 118, 0, 0, 89, 11, 218
"c:\Users\rxxim\Advanced-FitchFork\backend\api\src\routes\modules\assignments\post.rs", "Rust", 0, 0, 0, 0, 0, 0, 0, 0, 0, 0, 100, 0, 0, 64, 6, 170
"c:\Users\rxxim\Advanced-FitchFork\backend\api\src\routes\modules\assignments\put.rs", "Rust", 0, 0, 0, 0, 0, 0, 0, 0, 0, 0, 253, 0, 0, 138, 27, 418
"c:\Users\rxxim\Advanced-FitchFork\backend\api\src\routes\modules\assignments\submissions\common.rs", "Rust", 0, 0, 0, 0, 0, 0, 0, 0, 0, 0, 83, 0, 0, 25, 12, 120
"c:\Users\rxxim\Advanced-FitchFork\backend\api\src\routes\modules\assignments\submissions\get.rs", "Rust", 0, 0, 0, 0, 0, 0, 0, 0, 0, 0, 604, 0, 0, 212, 66, 882
"c:\Users\rxxim\Advanced-FitchFork\backend\api\src\routes\modules\assignments\submissions\mod.rs", "Rust", 0, 0, 0, 0, 0, 0, 0, 0, 0, 0, 45, 0, 0, 19, 3, 67
"c:\Users\rxxim\Advanced-FitchFork\backend\api\src\routes\modules\assignments\submissions\post.rs", "Rust", 0, 0, 0, 0, 0, 0, 0, 0, 0, 0, 766, 0, 0, 254, 92, 1112
"c:\Users\rxxim\Advanced-FitchFork\backend\api\src\routes\modules\assignments\tasks\common.rs", "Rust", 0, 0, 0, 0, 0, 0, 0, 0, 0, 0, 10, 0, 0, 0, 1, 11
"c:\Users\rxxim\Advanced-FitchFork\backend\api\src\routes\modules\assignments\tasks\delete.rs", "Rust", 0, 0, 0, 0, 0, 0, 0, 0, 0, 0, 33, 0, 0, 35, 2, 70
"c:\Users\rxxim\Advanced-FitchFork\backend\api\src\routes\modules\assignments\tasks\get.rs", "Rust", 0, 0, 0, 0, 0, 0, 0, 0, 0, 0, 192, 0, 0, 120, 23, 335
"c:\Users\rxxim\Advanced-FitchFork\backend\api\src\routes\modules\assignments\tasks\mod.rs", "Rust", 0, 0, 0, 0, 0, 0, 0, 0, 0, 0, 19, 0, 0, 17, 3, 39
"c:\Users\rxxim\Advanced-FitchFork\backend\api\src\routes\modules\assignments\tasks\post.rs", "Rust", 0, 0, 0, 0, 0, 0, 0, 0, 0, 0, 75, 0, 0, 109, 8, 192
"c:\Users\rxxim\Advanced-FitchFork\backend\api\src\routes\modules\assignments\tasks\put.rs", "Rust", 0, 0, 0, 0, 0, 0, 0, 0, 0, 0, 45, 0, 0, 142, 7, 194
"c:\Users\rxxim\Advanced-FitchFork\backend\api\src\routes\modules\assignments\tickets\common.rs", "Rust", 0, 0, 0, 0, 0, 0, 0, 0, 0, 0, 50, 0, 0, 25, 8, 83
"c:\Users\rxxim\Advanced-FitchFork\backend\api\src\routes\modules\assignments\tickets\delete.rs", "Rust", 0, 0, 0, 0, 0, 0, 0, 0, 0, 0, 37, 0, 0, 42, 6, 85
"c:\Users\rxxim\Advanced-FitchFork\backend\api\src\routes\modules\assignments\tickets\get.rs", "Rust", 0, 0, 0, 0, 0, 0, 0, 0, 0, 0, 215, 0, 0, 106, 22, 343
"c:\Users\rxxim\Advanced-FitchFork\backend\api\src\routes\modules\assignments\tickets\mod.rs", "Rust", 0, 0, 0, 0, 0, 0, 0, 0, 0, 0, 23, 0, 0, 22, 3, 48
"c:\Users\rxxim\Advanced-FitchFork\backend\api\src\routes\modules\assignments\tickets\post.rs", "Rust", 0, 0, 0, 0, 0, 0, 0, 0, 0, 0, 43, 0, 0, 49, 6, 98
"c:\Users\rxxim\Advanced-FitchFork\backend\api\src\routes\modules\assignments\tickets\put.rs", "Rust", 0, 0, 0, 0, 0, 0, 0, 0, 0, 0, 87, 0, 0, 80, 13, 180
"c:\Users\rxxim\Advanced-FitchFork\backend\api\src\routes\modules\assignments\tickets\ticket_messages\common.rs", "Rust", 0, 0, 0, 0, 0, 0, 0, 0, 0, 0, 30, 0, 0, 17, 5, 52
"c:\Users\rxxim\Advanced-FitchFork\backend\api\src\routes\modules\assignments\tickets\ticket_messages\delete.rs", "Rust", 0, 0, 0, 0, 0, 0, 0, 0, 0, 0, 41, 0, 0, 42, 8, 91
"c:\Users\rxxim\Advanced-FitchFork\backend\api\src\routes\modules\assignments\tickets\ticket_messages\get.rs", "Rust", 0, 0, 0, 0, 0, 0, 0, 0, 0, 0, 123, 0, 0, 51, 13, 187
"c:\Users\rxxim\Advanced-FitchFork\backend\api\src\routes\modules\assignments\tickets\ticket_messages\mod.rs", "Rust", 0, 0, 0, 0, 0, 0, 0, 0, 0, 0, 18, 0, 0, 17, 5, 40
"c:\Users\rxxim\Advanced-FitchFork\backend\api\src\routes\modules\assignments\tickets\ticket_messages\post.rs", "Rust", 0, 0, 0, 0, 0, 0, 0, 0, 0, 0, 90, 0, 0, 70, 11, 171
"c:\Users\rxxim\Advanced-FitchFork\backend\api\src\routes\modules\assignments\tickets\ticket_messages\put.rs", "Rust", 0, 0, 0, 0, 0, 0, 0, 0, 0, 0, 66, 0, 0, 64, 9, 139
"c:\Users\rxxim\Advanced-FitchFork\backend\api\src\routes\modules\common.rs", "Rust", 0, 0, 0, 0, 0, 0, 0, 0, 0, 0, 89, 0, 0, 8, 14, 111
"c:\Users\rxxim\Advanced-FitchFork\backend\api\src\routes\modules\delete.rs", "Rust", 0, 0, 0, 0, 0, 0, 0, 0, 0, 0, 118, 0, 0, 77, 13, 208
"c:\Users\rxxim\Advanced-FitchFork\backend\api\src\routes\modules\get.rs", "Rust", 0, 0, 0, 0, 0, 0, 0, 0, 0, 0, 359, 0, 0, 210, 36, 605
"c:\Users\rxxim\Advanced-FitchFork\backend\api\src\routes\modules\mod.rs", "Rust", 0, 0, 0, 0, 0, 0, 0, 0, 0, 0, 30, 0, 0, 26, 3, 59
"c:\Users\rxxim\Advanced-FitchFork\backend\api\src\routes\modules\personnel\delete.rs", "Rust", 0, 0, 0, 0, 0, 0, 0, 0, 0, 0, 109, 0, 0, 87, 15, 211
"c:\Users\rxxim\Advanced-FitchFork\backend\api\src\routes\modules\personnel\get.rs", "Rust", 0, 0, 0, 0, 0, 0, 0, 0, 0, 0, 220, 0, 0, 102, 28, 350
"c:\Users\rxxim\Advanced-FitchFork\backend\api\src\routes\modules\personnel\mod.rs", "Rust", 0, 0, 0, 0, 0, 0, 0, 0, 0, 0, 12, 0, 0, 19, 4, 35
"c:\Users\rxxim\Advanced-FitchFork\backend\api\src\routes\modules\personnel\post.rs", "Rust", 0, 0, 0, 0, 0, 0, 0, 0, 0, 0, 124, 0, 0, 81, 16, 221
"c:\Users\rxxim\Advanced-FitchFork\backend\api\src\routes\modules\post.rs", "Rust", 0, 0, 0, 0, 0, 0, 0, 0, 0, 0, 71, 0, 0, 74, 6, 151
"c:\Users\rxxim\Advanced-FitchFork\backend\api\src\routes\modules\put.rs", "Rust", 0, 0, 0, 0, 0, 0, 0, 0, 0, 0, 179, 0, 0, 129, 28, 336
"c:\Users\rxxim\Advanced-FitchFork\backend\api\src\routes\users\common.rs", "Rust", 0, 0, 0, 0, 0, 0, 0, 0, 0, 0, 38, 0, 0, 0, 7, 45
"c:\Users\rxxim\Advanced-FitchFork\backend\api\src\routes\users\delete.rs", "Rust", 0, 0, 0, 0, 0, 0, 0, 0, 0, 0, 36, 0, 0, 49, 3, 88
"c:\Users\rxxim\Advanced-FitchFork\backend\api\src\routes\users\get.rs", "Rust", 0, 0, 0, 0, 0, 0, 0, 0, 0, 0, 204, 0, 0, 120, 23, 347
"c:\Users\rxxim\Advanced-FitchFork\backend\api\src\routes\users\mod.rs", "Rust", 0, 0, 0, 0, 0, 0, 0, 0, 0, 0, 23, 0, 0, 27, 4, 54
"c:\Users\rxxim\Advanced-FitchFork\backend\api\src\routes\users\post.rs", "Rust", 0, 0, 0, 0, 0, 0, 0, 0, 0, 0, 85, 0, 0, 45, 12, 142
"c:\Users\rxxim\Advanced-FitchFork\backend\api\src\routes\users\put.rs", "Rust", 0, 0, 0, 0, 0, 0, 0, 0, 0, 0, 207, 0, 0, 121, 33, 361
"c:\Users\rxxim\Advanced-FitchFork\backend\api\src\services\email.rs", "Rust", 0, 0, 0, 0, 0, 0, 0, 0, 0, 0, 149, 0, 0, 48, 11, 208
"c:\Users\rxxim\Advanced-FitchFork\backend\api\src\services\mod.rs", "Rust", 0, 0, 0, 0, 0, 0, 0, 0, 0, 0, 2, 0, 0, 3, 1, 6
"c:\Users\rxxim\Advanced-FitchFork\backend\api\src\services\moss.rs", "Rust", 0, 0, 0, 0, 0, 0, 0, 0, 0, 0, 195, 0, 0, 17, 40, 252
"c:\Users\rxxim\Advanced-FitchFork\backend\api\src\ws\handlers.rs", "Rust", 0, 0, 0, 0, 0, 0, 0, 0, 0, 0, 129, 0, 0, 39, 10, 178
"c:\Users\rxxim\Advanced-FitchFork\backend\api\src\ws\mod.rs", "Rust", 0, 0, 0, 0, 0, 0, 0, 0, 0, 0, 12, 0, 0, 18, 5, 35
"c:\Users\rxxim\Advanced-FitchFork\backend\api\src\ws\modules\assignments\mod.rs", "Rust", 0, 0, 0, 0, 0, 0, 0, 0, 0, 0, 7, 0, 0, 8, 3, 18
"c:\Users\rxxim\Advanced-FitchFork\backend\api\src\ws\modules\mod.rs", "Rust", 0, 0, 0, 0, 0, 0, 0, 0, 0, 0, 11, 0, 0, 12, 5, 28
"c:\Users\rxxim\Advanced-FitchFork\backend\api\tests\auth\extractors_test.rs", "Rust", 0, 0, 0, 0, 0, 0, 0, 0, 0, 0, 116, 0, 0, 0, 22, 138
"c:\Users\rxxim\Advanced-FitchFork\backend\api\tests\auth\guards_test.rs", "Rust", 0, 0, 0, 0, 0, 0, 0, 0, 0, 0, 636, 0, 0, 2, 87, 725
"c:\Users\rxxim\Advanced-FitchFork\backend\api\tests\auth\mod.rs", "Rust", 0, 0, 0, 0, 0, 0, 0, 0, 0, 0, 2, 0, 0, 0, 0, 2
"c:\Users\rxxim\Advanced-FitchFork\backend\api\tests\helpers\app.rs", "Rust", 0, 0, 0, 0, 0, 0, 0, 0, 0, 0, 32, 0, 0, 0, 4, 36
"c:\Users\rxxim\Advanced-FitchFork\backend\api\tests\helpers\mod.rs", "Rust", 0, 0, 0, 0, 0, 0, 0, 0, 0, 0, 4, 0, 0, 0, 2, 6
"c:\Users\rxxim\Advanced-FitchFork\backend\api\tests\helpers\ws.rs", "Rust", 0, 0, 0, 0, 0, 0, 0, 0, 0, 0, 47, 0, 0, 2, 6, 55
"c:\Users\rxxim\Advanced-FitchFork\backend\api\tests\mod.rs", "Rust", 0, 0, 0, 0, 0, 0, 0, 0, 0, 0, 4, 0, 0, 0, 0, 4
"c:\Users\rxxim\Advanced-FitchFork\backend\api\tests\routes\auth\get_test.rs", "Rust", 0, 0, 0, 0, 0, 0, 0, 0, 0, 0, 416, 0, 0, 20, 85, 521
"c:\Users\rxxim\Advanced-FitchFork\backend\api\tests\routes\auth\mod.rs", "Rust", 0, 0, 0, 0, 0, 0, 0, 0, 0, 0, 2, 0, 0, 0, 0, 2
"c:\Users\rxxim\Advanced-FitchFork\backend\api\tests\routes\auth\post_test.rs", "Rust", 0, 0, 0, 0, 0, 0, 0, 0, 0, 0, 587, 0, 0, 23, 126, 736
"c:\Users\rxxim\Advanced-FitchFork\backend\api\tests\routes\health_test.rs", "Rust", 0, 0, 0, 0, 0, 0, 0, 0, 0, 0, 26, 0, 0, 0, 4, 30
"c:\Users\rxxim\Advanced-FitchFork\backend\api\tests\routes\me\grades_test.rs", "Rust", 0, 0, 0, 0, 0, 0, 0, 0, 0, 0, 309, 0, 0, 0, 46, 355
"c:\Users\rxxim\Advanced-FitchFork\backend\api\tests\routes\me\mod.rs", "Rust", 0, 0, 0, 0, 0, 0, 0, 0, 0, 0, 2, 0, 0, 0, 0, 2
"c:\Users\rxxim\Advanced-FitchFork\backend\api\tests\routes\me\submissions_test.rs", "Rust", 0, 0, 0, 0, 0, 0, 0, 0, 0, 0, 193, 0, 0, 2, 22, 217
"c:\Users\rxxim\Advanced-FitchFork\backend\api\tests\routes\mod.rs", "Rust", 0, 0, 0, 0, 0, 0, 0, 0, 0, 0, 5, 0, 0, 0, 0, 5
"c:\Users\rxxim\Advanced-FitchFork\backend\api\tests\routes\modules\announcements\delete_test.rs", "Rust", 0, 0, 0, 0, 0, 0, 0, 0, 0, 0, 134, 0, 0, 0, 26, 160
"c:\Users\rxxim\Advanced-FitchFork\backend\api\tests\routes\modules\announcements\mod.rs", "Rust", 0, 0, 0, 0, 0, 0, 0, 0, 0, 0, 3, 0, 0, 0, 0, 3
"c:\Users\rxxim\Advanced-FitchFork\backend\api\tests\routes\modules\announcements\post_test.rs", "Rust", 0, 0, 0, 0, 0, 0, 0, 0, 0, 0, 189, 0, 0, 0, 41, 230
"c:\Users\rxxim\Advanced-FitchFork\backend\api\tests\routes\modules\announcements\put_test.rs", "Rust", 0, 0, 0, 0, 0, 0, 0, 0, 0, 0, 214, 0, 0, 0, 42, 256
"c:\Users\rxxim\Advanced-FitchFork\backend\api\tests\routes\modules\assignments\config\get_test.rs", "Rust", 0, 0, 0, 0, 0, 0, 0, 0, 0, 0, 261, 0, 0, 3, 46, 310
"c:\Users\rxxim\Advanced-FitchFork\backend\api\tests\routes\modules\assignments\config\mod.rs", "Rust", 0, 0, 0, 0, 0, 0, 0, 0, 0, 0, 2, 0, 0, 0, 0, 2
"c:\Users\rxxim\Advanced-FitchFork\backend\api\tests\routes\modules\assignments\config\post_test.rs", "Rust", 0, 0, 0, 0, 0, 0, 0, 0, 0, 0, 258, 0, 0, 4, 41, 303
"c:\Users\rxxim\Advanced-FitchFork\backend\api\tests\routes\modules\assignments\delete_test.rs", "Rust", 0, 0, 0, 0, 0, 0, 0, 0, 0, 0, 398, 0, 0, 5, 70, 473
"c:\Users\rxxim\Advanced-FitchFork\backend\api\tests\routes\modules\assignments\files\delete_test.rs", "Rust", 0, 0, 0, 0, 0, 0, 0, 0, 0, 0, 178, 0, 0, 0, 24, 202
"c:\Users\rxxim\Advanced-FitchFork\backend\api\tests\routes\modules\assignments\files\get_test.rs", "Rust", 0, 0, 0, 0, 0, 0, 0, 0, 0, 0, 222, 0, 0, 0, 38, 260
"c:\Users\rxxim\Advanced-FitchFork\backend\api\tests\routes\modules\assignments\files\mod.rs", "Rust", 0, 0, 0, 0, 0, 0, 0, 0, 0, 0, 3, 0, 0, 0, 0, 3
"c:\Users\rxxim\Advanced-FitchFork\backend\api\tests\routes\modules\assignments\files\post_test.rs", "Rust", 0, 0, 0, 0, 0, 0, 0, 0, 0, 0, 207, 0, 0, 0, 31, 238
"c:\Users\rxxim\Advanced-FitchFork\backend\api\tests\routes\modules\assignments\get_test.rs", "Rust", 0, 0, 0, 0, 0, 0, 0, 0, 0, 0, 472, 0, 0, 4, 94, 570
"c:\Users\rxxim\Advanced-FitchFork\backend\api\tests\routes\modules\assignments\mark_allocator\get_test.rs", "Rust", 0, 0, 0, 0, 0, 0, 0, 0, 0, 0, 136, 0, 0, 0, 23, 159
"c:\Users\rxxim\Advanced-FitchFork\backend\api\tests\routes\modules\assignments\mark_allocator\mod.rs", "Rust", 0, 0, 0, 0, 0, 0, 0, 0, 0, 0, 3, 0, 0, 0, 0, 3
"c:\Users\rxxim\Advanced-FitchFork\backend\api\tests\routes\modules\assignments\mark_allocator\post_test.rs", "Rust", 0, 0, 0, 0, 0, 0, 0, 0, 0, 0, 223, 0, 0, 0, 29, 252
"c:\Users\rxxim\Advanced-FitchFork\backend\api\tests\routes\modules\assignments\mark_allocator\put_test.rs", "Rust", 0, 0, 0, 0, 0, 0, 0, 0, 0, 0, 219, 0, 0, 0, 37, 256
"c:\Users\rxxim\Advanced-FitchFork\backend\api\tests\routes\modules\assignments\memo_output\get_test.rs", "Rust", 0, 0, 0, 0, 0, 0, 0, 0, 0, 0, 239, 0, 0, 1, 36, 276
"c:\Users\rxxim\Advanced-FitchFork\backend\api\tests\routes\modules\assignments\memo_output\mod.rs", "Rust", 0, 0, 0, 0, 0, 0, 0, 0, 0, 0, 2, 0, 0, 0, 0, 2
"c:\Users\rxxim\Advanced-FitchFork\backend\api\tests\routes\modules\assignments\memo_output\post_test.rs", "Rust", 0, 0, 0, 0, 0, 0, 0, 0, 0, 0, 333, 0, 0, 0, 39, 372
"c:\Users\rxxim\Advanced-FitchFork\backend\api\tests\routes\modules\assignments\mod.rs", "Rust", 0, 0, 0, 0, 0, 0, 0, 0, 0, 0, 12, 0, 0, 0, 0, 12
"c:\Users\rxxim\Advanced-FitchFork\backend\api\tests\routes\modules\assignments\plagiarism\delete_test.rs", "Rust", 0, 0, 0, 0, 0, 0, 0, 0, 0, 0, 430, 0, 0, 18, 54, 502
"c:\Users\rxxim\Advanced-FitchFork\backend\api\tests\routes\modules\assignments\plagiarism\get_test.rs", "Rust", 0, 0, 0, 0, 0, 0, 0, 0, 0, 0, 483, 0, 0, 16, 90, 589
"c:\Users\rxxim\Advanced-FitchFork\backend\api\tests\routes\modules\assignments\plagiarism\mod.rs", "Rust", 0, 0, 0, 0, 0, 0, 0, 0, 0, 0, 5, 0, 0, 0, 0, 5
"c:\Users\rxxim\Advanced-FitchFork\backend\api\tests\routes\modules\assignments\plagiarism\patch_test.rs", "Rust", 0, 0, 0, 0, 0, 0, 0, 0, 0, 0, 384, 0, 0, 14, 57, 455
"c:\Users\rxxim\Advanced-FitchFork\backend\api\tests\routes\modules\assignments\plagiarism\post_test.rs", "Rust", 0, 0, 0, 0, 0, 0, 0, 0, 0, 0, 339, 0, 0, 10, 54, 403
"c:\Users\rxxim\Advanced-FitchFork\backend\api\tests\routes\modules\assignments\plagiarism\put_test.rs", "Rust", 0, 0, 0, 0, 0, 0, 0, 0, 0, 0, 320, 0, 0, 6, 45, 371
"c:\Users\rxxim\Advanced-FitchFork\backend\api\tests\routes\modules\assignments\post_test.rs", "Rust", 0, 0, 0, 0, 0, 0, 0, 0, 0, 0, 211, 0, 0, 0, 28, 239
"c:\Users\rxxim\Advanced-FitchFork\backend\api\tests\routes\modules\assignments\put_test.rs", "Rust", 0, 0, 0, 0, 0, 0, 0, 0, 0, 0, 1117, 0, 0, 30, 212, 1359
"c:\Users\rxxim\Advanced-FitchFork\backend\api\tests\routes\modules\assignments\submissions\get_test.rs", "Rust", 0, 0, 0, 0, 0, 0, 0, 0, 0, 0, 301, 0, 0, 2, 50, 353
"c:\Users\rxxim\Advanced-FitchFork\backend\api\tests\routes\modules\assignments\submissions\mod.rs", "Rust", 0, 0, 0, 0, 0, 0, 0, 0, 0, 0, 2, 0, 0, 0, 0, 2
"c:\Users\rxxim\Advanced-FitchFork\backend\api\tests\routes\modules\assignments\submissions\post_test.rs", "Rust", 0, 0, 0, 0, 0, 0, 0, 0, 0, 0, 1800, 0, 0, 96, 240, 2136
"c:\Users\rxxim\Advanced-FitchFork\backend\api\tests\routes\modules\assignments\tasks\delete_test.rs", "Rust", 0, 0, 0, 0, 0, 0, 0, 0, 0, 0, 158, 0, 0, 4, 22, 184
"c:\Users\rxxim\Advanced-FitchFork\backend\api\tests\routes\modules\assignments\tasks\get_test.rs", "Rust", 0, 0, 0, 0, 0, 0, 0, 0, 0, 0, 349, 0, 0, 12, 57, 418
"c:\Users\rxxim\Advanced-FitchFork\backend\api\tests\routes\modules\assignments\tasks\mod.rs", "Rust", 0, 0, 0, 0, 0, 0, 0, 0, 0, 0, 4, 0, 0, 0, 0, 4
"c:\Users\rxxim\Advanced-FitchFork\backend\api\tests\routes\modules\assignments\tasks\post_test.rs", "Rust", 0, 0, 0, 0, 0, 0, 0, 0, 0, 0, 301, 0, 0, 10, 47, 358
"c:\Users\rxxim\Advanced-FitchFork\backend\api\tests\routes\modules\assignments\tasks\put_test.rs", "Rust", 0, 0, 0, 0, 0, 0, 0, 0, 0, 0, 312, 0, 0, 10, 47, 369
"c:\Users\rxxim\Advanced-FitchFork\backend\api\tests\routes\modules\assignments\tickets\delete_test.rs", "Rust", 0, 0, 0, 0, 0, 0, 0, 0, 0, 0, 113, 0, 0, 0, 11, 124
"c:\Users\rxxim\Advanced-FitchFork\backend\api\tests\routes\modules\assignments\tickets\mod.rs", "Rust", 0, 0, 0, 0, 0, 0, 0, 0, 0, 0, 4, 0, 0, 0, 0, 4
"c:\Users\rxxim\Advanced-FitchFork\backend\api\tests\routes\modules\assignments\tickets\post_test.rs", "Rust", 0, 0, 0, 0, 0, 0, 0, 0, 0, 0, 104, 0, 0, 0, 19, 123
"c:\Users\rxxim\Advanced-FitchFork\backend\api\tests\routes\modules\assignments\tickets\put_test.rs", "Rust", 0, 0, 0, 0, 0, 0, 0, 0, 0, 0, 151, 0, 0, 0, 22, 173
"c:\Users\rxxim\Advanced-FitchFork\backend\api\tests\routes\modules\assignments\tickets\ticket_messages\delete_test.rs", "Rust", 0, 0, 0, 0, 0, 0, 0, 0, 0, 0, 237, 0, 0, 0, 33, 270
"c:\Users\rxxim\Advanced-FitchFork\backend\api\tests\routes\modules\assignments\tickets\ticket_messages\mod.rs", "Rust", 0, 0, 0, 0, 0, 0, 0, 0, 0, 0, 3, 0, 0, 0, 0, 3
"c:\Users\rxxim\Advanced-FitchFork\backend\api\tests\routes\modules\assignments\tickets\ticket_messages\post_test.rs", "Rust", 0, 0, 0, 0, 0, 0, 0, 0, 0, 0, 222, 0, 0, 0, 31, 253
"c:\Users\rxxim\Advanced-FitchFork\backend\api\tests\routes\modules\assignments\tickets\ticket_messages\put_test.rs", "Rust", 0, 0, 0, 0, 0, 0, 0, 0, 0, 0, 250, 0, 0, 0, 34, 284
"c:\Users\rxxim\Advanced-FitchFork\backend\api\tests\routes\modules\delete_test.rs", "Rust", 0, 0, 0, 0, 0, 0, 0, 0, 0, 0, 277, 0, 0, 10, 53, 340
"c:\Users\rxxim\Advanced-FitchFork\backend\api\tests\routes\modules\get_test.rs", "Rust", 0, 0, 0, 0, 0, 0, 0, 0, 0, 0, 297, 0, 0, 11, 63, 371
"c:\Users\rxxim\Advanced-FitchFork\backend\api\tests\routes\modules\mod.rs", "Rust", 0, 0, 0, 0, 0, 0, 0, 0, 0, 0, 7, 0, 0, 0, 0, 7
"c:\Users\rxxim\Advanced-FitchFork\backend\api\tests\routes\modules\personnel\delete_test.rs", "Rust", 0, 0, 0, 0, 0, 0, 0, 0, 0, 0, 165, 0, 0, 0, 31, 196
"c:\Users\rxxim\Advanced-FitchFork\backend\api\tests\routes\modules\personnel\get_test.rs", "Rust", 0, 0, 0, 0, 0, 0, 0, 0, 0, 0, 145, 0, 0, 0, 35, 180
"c:\Users\rxxim\Advanced-FitchFork\backend\api\tests\routes\modules\personnel\mod.rs", "Rust", 0, 0, 0, 0, 0, 0, 0, 0, 0, 0, 3, 0, 0, 0, 0, 3
"c:\Users\rxxim\Advanced-FitchFork\backend\api\tests\routes\modules\personnel\post_test.rs", "Rust", 0, 0, 0, 0, 0, 0, 0, 0, 0, 0, 150, 0, 0, 1, 33, 184
"c:\Users\rxxim\Advanced-FitchFork\backend\api\tests\routes\modules\post_test.rs", "Rust", 0, 0, 0, 0, 0, 0, 0, 0, 0, 0, 223, 0, 0, 9, 42, 274
"c:\Users\rxxim\Advanced-FitchFork\backend\api\tests\routes\modules\put_test.rs", "Rust", 0, 0, 0, 0, 0, 0, 0, 0, 0, 0, 474, 0, 0, 18, 81, 573
"c:\Users\rxxim\Advanced-FitchFork\backend\api\tests\routes\users\delete_test.rs", "Rust", 0, 0, 0, 0, 0, 0, 0, 0, 0, 0, 158, 0, 0, 7, 32, 197
"c:\Users\rxxim\Advanced-FitchFork\backend\api\tests\routes\users\get_test.rs", "Rust", 0, 0, 0, 0, 0, 0, 0, 0, 0, 0, 262, 0, 0, 15, 56, 333
"c:\Users\rxxim\Advanced-FitchFork\backend\api\tests\routes\users\mod.rs", "Rust", 0, 0, 0, 0, 0, 0, 0, 0, 0, 0, 4, 0, 0, 0, 0, 4
"c:\Users\rxxim\Advanced-FitchFork\backend\api\tests\routes\users\post_test.rs", "Rust", 0, 0, 0, 0, 0, 0, 0, 0, 0, 0, 163, 0, 0, 6, 34, 203
"c:\Users\rxxim\Advanced-FitchFork\backend\api\tests\routes\users\put_test.rs", "Rust", 0, 0, 0, 0, 0, 0, 0, 0, 0, 0, 207, 0, 0, 10, 40, 257
"c:\Users\rxxim\Advanced-FitchFork\backend\api\tests\ws\chat_handler_test.rs", "Rust", 0, 0, 0, 0, 0, 0, 0, 0, 0, 0, 95, 0, 0, 0, 19, 114
"c:\Users\rxxim\Advanced-FitchFork\backend\api\tests\ws\mod.rs", "Rust", 0, 0, 0, 0, 0, 0, 0, 0, 0, 0, 1, 0, 0, 0, 0, 1
"c:\Users\rxxim\Advanced-FitchFork\backend\code_manager\Cargo.toml", "TOML", 0, 0, 0, 0, 0, 0, 0, 20, 0, 0, 0, 0, 0, 0, 2, 22
"c:\Users\rxxim\Advanced-FitchFork\backend\code_manager\images\Dockerfile", "Docker", 0, 0, 0, 0, 0, 0, 0, 0, 0, 0, 0, 13, 0, 0, 3, 16
"c:\Users\rxxim\Advanced-FitchFork\backend\code_manager\src\api\api.rs", "Rust", 0, 0, 0, 0, 0, 0, 0, 0, 0, 0, 49, 0, 0, 3, 11, 63
"c:\Users\rxxim\Advanced-FitchFork\backend\code_manager\src\api\mod.rs", "Rust", 0, 0, 0, 0, 0, 0, 0, 0, 0, 0, 1, 0, 0, 1, 1, 3
"c:\Users\rxxim\Advanced-FitchFork\backend\code_manager\src\container\container.rs", "Rust", 0, 0, 0, 0, 0, 0, 0, 0, 0, 0, 153, 0, 0, 1, 35, 189
"c:\Users\rxxim\Advanced-FitchFork\backend\code_manager\src\container\mod.rs", "Rust", 0, 0, 0, 0, 0, 0, 0, 0, 0, 0, 1, 0, 0, 1, 1, 3
"c:\Users\rxxim\Advanced-FitchFork\backend\code_manager\src\lib.rs", "Rust", 0, 0, 0, 0, 0, 0, 0, 0, 0, 0, 4, 0, 0, 1, 1, 6
"c:\Users\rxxim\Advanced-FitchFork\backend\code_manager\src\main.rs", "Rust", 0, 0, 0, 0, 0, 0, 0, 0, 0, 0, 30, 0, 0, 7, 7, 44
"c:\Users\rxxim\Advanced-FitchFork\backend\code_manager\src\manager\manager.rs", "Rust", 0, 0, 0, 0, 0, 0, 0, 0, 0, 0, 73, 0, 0, 5, 16, 94
"c:\Users\rxxim\Advanced-FitchFork\backend\code_manager\src\manager\mod.rs", "Rust", 0, 0, 0, 0, 0, 0, 0, 0, 0, 0, 2, 0, 0, 1, 1, 4
"c:\Users\rxxim\Advanced-FitchFork\backend\code_manager\src\manager\queue.rs", "Rust", 0, 0, 0, 0, 0, 0, 0, 0, 0, 0, 34, 0, 0, 4, 6, 44
"c:\Users\rxxim\Advanced-FitchFork\backend\code_manager\src\utils\compression.rs", "Rust", 0, 0, 0, 0, 0, 0, 0, 0, 0, 0, 123, 0, 0, 11, 20, 154
"c:\Users\rxxim\Advanced-FitchFork\backend\code_manager\src\utils\config_management.rs", "Rust", 0, 0, 0, 0, 0, 0, 0, 0, 0, 0, 16, 0, 0, 10, 5, 31
"c:\Users\rxxim\Advanced-FitchFork\backend\code_manager\src\utils\mod.rs", "Rust", 0, 0, 0, 0, 0, 0, 0, 0, 0, 0, 2, 0, 0, 1, 1, 4
"c:\Users\rxxim\Advanced-FitchFork\backend\code_manager\tests\queue.rs", "Rust", 0, 0, 0, 0, 0, 0, 0, 0, 0, 0, 205, 0, 0, 1, 36, 242
"c:\Users\rxxim\Advanced-FitchFork\backend\code_manager\tests\run_code.rs", "Rust", 0, 0, 0, 0, 0, 0, 0, 0, 0, 0, 44, 0, 0, 1, 12, 57
"c:\Users\rxxim\Advanced-FitchFork\backend\code_runner\Cargo.toml", "TOML", 0, 0, 0, 0, 0, 0, 0, 28, 0, 0, 0, 0, 0, 0, 5, 33
"c:\Users\rxxim\Advanced-FitchFork\backend\code_runner\src\lib.rs", "Rust", 0, 0, 0, 0, 0, 0, 0, 0, 0, 0, 597, 0, 0, 105, 128, 830
"c:\Users\rxxim\Advanced-FitchFork\backend\code_runner\src\mod.rs", "Rust", 0, 0, 0, 0, 0, 0, 0, 0, 0, 0, 2, 0, 0, 0, 1, 3
"c:\Users\rxxim\Advanced-FitchFork\backend\code_runner\src\validate_files.rs", "Rust", 0, 0, 0, 0, 0, 0, 0, 0, 0, 0, 295, 0, 0, 88, 58, 441
"c:\Users\rxxim\Advanced-FitchFork\backend\code_runner\tests\interpreter.rs", "Rust", 0, 0, 0, 0, 0, 0, 0, 0, 0, 0, 209, 0, 0, 4, 29, 242
"c:\Users\rxxim\Advanced-FitchFork\backend\code_runner\tests\memo_outputs.rs", "Rust", 0, 0, 0, 0, 0, 0, 0, 0, 0, 0, 98, 0, 0, 0, 21, 119
"c:\Users\rxxim\Advanced-FitchFork\backend\code_runner\tests\submission_outputs.rs", "Rust", 0, 0, 0, 0, 0, 0, 0, 0, 0, 0, 183, 0, 0, 0, 34, 217
"c:\Users\rxxim\Advanced-FitchFork\backend\common\Cargo.toml", "TOML", 0, 0, 0, 0, 0, 0, 0, 8, 0, 0, 0, 0, 0, 0, 1, 9
"c:\Users\rxxim\Advanced-FitchFork\backend\common\src\lib.rs", "Rust", 0, 0, 0, 0, 0, 0, 0, 0, 0, 0, 12, 0, 0, 0, 1, 13
"c:\Users\rxxim\Advanced-FitchFork\backend\db\Cargo.toml", "TOML", 0, 0, 0, 0, 0, 0, 0, 20, 0, 0, 0, 0, 0, 0, 2, 22
"c:\Users\rxxim\Advanced-FitchFork\backend\db\src\lib.rs", "Rust", 0, 0, 0, 0, 0, 0, 0, 0, 0, 0, 12, 0, 0, 0, 3, 15
"c:\Users\rxxim\Advanced-FitchFork\backend\db\src\models\announcements.rs", "Rust", 0, 0, 0, 0, 0, 0, 0, 0, 0, 0, 93, 0, 0, 0, 17, 110
"c:\Users\rxxim\Advanced-FitchFork\backend\db\src\models\assignment.rs", "Rust", 0, 0, 0, 0, 0, 0, 0, 0, 0, 0, 462, 0, 0, 54, 59, 575
"c:\Users\rxxim\Advanced-FitchFork\backend\db\src\models\assignment_file.rs", "Rust", 0, 0, 0, 0, 0, 0, 0, 0, 0, 0, 225, 0, 0, 21, 44, 290
"c:\Users\rxxim\Advanced-FitchFork\backend\db\src\models\assignment_interpreter.rs", "Rust", 0, 0, 0, 0, 0, 0, 0, 0, 0, 0, 102, 0, 0, 76, 40, 218
"c:\Users\rxxim\Advanced-FitchFork\backend\db\src\models\assignment_memo_output.rs", "Rust", 0, 0, 0, 0, 0, 0, 0, 0, 0, 0, 109, 0, 0, 26, 26, 161
"c:\Users\rxxim\Advanced-FitchFork\backend\db\src\models\assignment_overwrite_file.rs", "Rust", 0, 0, 0, 0, 0, 0, 0, 0, 0, 0, 112, 0, 0, 4, 24, 140
"c:\Users\rxxim\Advanced-FitchFork\backend\db\src\models\assignment_submission.rs", "Rust", 0, 0, 0, 0, 0, 0, 0, 0, 0, 0, 249, 0, 0, 83, 41, 373
"c:\Users\rxxim\Advanced-FitchFork\backend\db\src\models\assignment_submission_output.rs", "Rust", 0, 0, 0, 0, 0, 0, 0, 0, 0, 0, 193, 0, 0, 11, 34, 238
"c:\Users\rxxim\Advanced-FitchFork\backend\db\src\models\assignment_task.rs", "Rust", 0, 0, 0, 0, 0, 0, 0, 0, 0, 0, 83, 0, 0, 6, 8, 97
"c:\Users\rxxim\Advanced-FitchFork\backend\db\src\models\mod.rs", "Rust", 0, 0, 0, 0, 0, 0, 0, 0, 0, 0, 32, 0, 0, 0, 2, 34
"c:\Users\rxxim\Advanced-FitchFork\backend\db\src\models\module.rs", "Rust", 0, 0, 0, 0, 0, 0, 0, 0, 0, 0, 128, 0, 0, 18, 27, 173
"c:\Users\rxxim\Advanced-FitchFork\backend\db\src\models\password_reset_token.rs", "Rust", 0, 0, 0, 0, 0, 0, 0, 0, 0, 0, 79, 0, 0, 0, 9, 88
"c:\Users\rxxim\Advanced-FitchFork\backend\db\src\models\plagiarism_case.rs", "Rust", 0, 0, 0, 0, 0, 0, 0, 0, 0, 0, 64, 0, 0, 29, 16, 109
"c:\Users\rxxim\Advanced-FitchFork\backend\db\src\models\ticket_messages.rs", "Rust", 0, 0, 0, 0, 0, 0, 0, 0, 0, 0, 87, 0, 0, 0, 18, 105
"c:\Users\rxxim\Advanced-FitchFork\backend\db\src\models\tickets.rs", "Rust", 0, 0, 0, 0, 0, 0, 0, 0, 0, 0, 115, 0, 0, 0, 27, 142
"c:\Users\rxxim\Advanced-FitchFork\backend\db\src\models\user.rs", "Rust", 0, 0, 0, 0, 0, 0, 0, 0, 0, 0, 241, 0, 0, 68, 39, 348
"c:\Users\rxxim\Advanced-FitchFork\backend\db\src\models\user_module_role.rs", "Rust", 0, 0, 0, 0, 0, 0, 0, 0, 0, 0, 164, 0, 0, 19, 28, 211
"c:\Users\rxxim\Advanced-FitchFork\backend\db\src\test_utils.rs", "Rust", 0, 0, 0, 0, 0, 0, 0, 0, 0, 0, 12, 0, 0, 0, 4, 16
"c:\Users\rxxim\Advanced-FitchFork\backend\marker\Cargo.toml", "TOML", 0, 0, 0, 0, 0, 0, 0, 14, 0, 0, 0, 0, 0, 0, 2, 16
"c:\Users\rxxim\Advanced-FitchFork\backend\marker\src\comparators\exact_comparator.rs", "Rust", 0, 0, 0, 0, 0, 0, 0, 0, 0, 0, 126, 0, 0, 24, 14, 164
"c:\Users\rxxim\Advanced-FitchFork\backend\marker\src\comparators\mod.rs", "Rust", 0, 0, 0, 0, 0, 0, 0, 0, 0, 0, 3, 0, 0, 14, 1, 18
"c:\Users\rxxim\Advanced-FitchFork\backend\marker\src\comparators\percentage_comparator.rs", "Rust", 0, 0, 0, 0, 0, 0, 0, 0, 0, 0, 151, 0, 0, 32, 22, 205
"c:\Users\rxxim\Advanced-FitchFork\backend\marker\src\comparators\regex_comparator.rs", "Rust", 0, 0, 0, 0, 0, 0, 0, 0, 0, 0, 163, 0, 0, 25, 22, 210
"c:\Users\rxxim\Advanced-FitchFork\backend\marker\src\error.rs", "Rust", 0, 0, 0, 0, 0, 0, 0, 0, 0, 0, 12, 0, 0, 31, 1, 44
"c:\Users\rxxim\Advanced-FitchFork\backend\marker\src\feedback\ai_feedback.rs", "Rust", 0, 0, 0, 0, 0, 0, 0, 0, 0, 0, 145, 0, 0, 57, 27, 229
"c:\Users\rxxim\Advanced-FitchFork\backend\marker\src\feedback\auto_feedback.rs", "Rust", 0, 0, 0, 0, 0, 0, 0, 0, 0, 0, 97, 0, 0, 18, 12, 127
"c:\Users\rxxim\Advanced-FitchFork\backend\marker\src\feedback\manual_feedback.rs", "Rust", 0, 0, 0, 0, 0, 0, 0, 0, 0, 0, 11, 0, 0, 4, 3, 18
"c:\Users\rxxim\Advanced-FitchFork\backend\marker\src\feedback\mod.rs", "Rust", 0, 0, 0, 0, 0, 0, 0, 0, 0, 0, 3, 0, 0, 11, 1, 15
"c:\Users\rxxim\Advanced-FitchFork\backend\marker\src\lib.rs", "Rust", 0, 0, 0, 0, 0, 0, 0, 0, 0, 0, 585, 0, 0, 76, 86, 747
"c:\Users\rxxim\Advanced-FitchFork\backend\marker\src\parsers\allocator_parser.rs", "Rust", 0, 0, 0, 0, 0, 0, 0, 0, 0, 0, 258, 0, 0, 55, 27, 340
"c:\Users\rxxim\Advanced-FitchFork\backend\marker\src\parsers\complexity_parser.rs", "Rust", 0, 0, 0, 0, 0, 0, 0, 0, 0, 0, 187, 0, 0, 71, 29, 287
"c:\Users\rxxim\Advanced-FitchFork\backend\marker\src\parsers\coverage_parser.rs", "Rust", 0, 0, 0, 0, 0, 0, 0, 0, 0, 0, 270, 0, 0, 86, 40, 396
"c:\Users\rxxim\Advanced-FitchFork\backend\marker\src\parsers\mod.rs", "Rust", 0, 0, 0, 0, 0, 0, 0, 0, 0, 0, 4, 0, 0, 14, 1, 19
"c:\Users\rxxim\Advanced-FitchFork\backend\marker\src\parsers\output_parser.rs", "Rust", 0, 0, 0, 0, 0, 0, 0, 0, 0, 0, 378, 0, 0, 47, 46, 471
"c:\Users\rxxim\Advanced-FitchFork\backend\marker\src\report.rs", "Rust", 0, 0, 0, 0, 0, 0, 0, 0, 0, 0, 191, 0, 0, 122, 22, 335
"c:\Users\rxxim\Advanced-FitchFork\backend\marker\src\scorer.rs", "Rust", 0, 0, 0, 0, 0, 0, 0, 0, 0, 0, 119, 0, 0, 50, 9, 178
"c:\Users\rxxim\Advanced-FitchFork\backend\marker\src\test_files\allocator_parser\allocator_report_1.json", "JSON", 0, 15, 0, 0, 0, 0, 0, 0, 0, 0, 0, 0, 0, 0, 1, 16
"c:\Users\rxxim\Advanced-FitchFork\backend\marker\src\test_files\allocator_parser\allocator_report_2.json", "JSON", 0, 22, 0, 0, 0, 0, 0, 0, 0, 0, 0, 0, 0, 0, 1, 23
"c:\Users\rxxim\Advanced-FitchFork\backend\marker\src\test_files\allocator_parser\allocator_report_3.json", "JSON", 0, 13, 0, 0, 0, 0, 0, 0, 0, 0, 0, 0, 0, 0, 1, 14
"c:\Users\rxxim\Advanced-FitchFork\backend\marker\src\test_files\allocator_parser\allocator_report_4.json", "JSON", 0, 15, 0, 0, 0, 0, 0, 0, 0, 0, 0, 0, 0, 0, 1, 16
"c:\Users\rxxim\Advanced-FitchFork\backend\marker\src\test_files\allocator_parser\allocator_report_5.json", "JSON", 0, 15, 0, 0, 0, 0, 0, 0, 0, 0, 0, 0, 0, 0, 1, 16
"c:\Users\rxxim\Advanced-FitchFork\backend\marker\src\test_files\complexity_parser\complexity_report_1.json", "JSON", 0, 9, 0, 0, 0, 0, 0, 0, 0, 0, 0, 0, 0, 0, 0, 9
"c:\Users\rxxim\Advanced-FitchFork\backend\marker\src\test_files\complexity_parser\complexity_report_2.json", "JSON", 0, 9, 0, 0, 0, 0, 0, 0, 0, 0, 0, 0, 0, 0, 0, 9
"c:\Users\rxxim\Advanced-FitchFork\backend\marker\src\test_files\complexity_parser\complexity_report_3.json", "JSON", 0, 8, 0, 0, 0, 0, 0, 0, 0, 0, 0, 0, 0, 0, 0, 8
"c:\Users\rxxim\Advanced-FitchFork\backend\marker\src\test_files\complexity_parser\complexity_report_4.json", "JSON", 0, 9, 0, 0, 0, 0, 0, 0, 0, 0, 0, 0, 0, 0, 0, 9
"c:\Users\rxxim\Advanced-FitchFork\backend\marker\src\test_files\complexity_parser\complexity_report_5.json", "JSON", 0, 12, 0, 0, 0, 0, 0, 0, 0, 0, 0, 0, 0, 0, 0, 12
"c:\Users\rxxim\Advanced-FitchFork\backend\marker\src\test_files\coverage_parser\coverage_report_1.json", "JSON", 0, 17, 0, 0, 0, 0, 0, 0, 0, 0, 0, 0, 0, 0, 0, 17
"c:\Users\rxxim\Advanced-FitchFork\backend\marker\src\test_files\coverage_parser\coverage_report_2.json", "JSON", 0, 28, 0, 0, 0, 0, 0, 0, 0, 0, 0, 0, 0, 0, 0, 28
"c:\Users\rxxim\Advanced-FitchFork\backend\marker\src\test_files\coverage_parser\coverage_report_3.json", "JSON", 0, 11, 0, 0, 0, 0, 0, 0, 0, 0, 0, 0, 0, 0, 0, 11
"c:\Users\rxxim\Advanced-FitchFork\backend\marker\src\test_files\coverage_parser\coverage_report_4.json", "JSON", 0, 17, 0, 0, 0, 0, 0, 0, 0, 0, 0, 0, 0, 0, 0, 17
"c:\Users\rxxim\Advanced-FitchFork\backend\marker\src\test_files\coverage_parser\coverage_report_5.json", "JSON", 0, 16, 0, 0, 0, 0, 0, 0, 0, 0, 0, 0, 0, 0, 0, 16
"c:\Users\rxxim\Advanced-FitchFork\backend\marker\src\test_files\file_loader\case1\allocator.json", "JSON", 0, 1, 0, 0, 0, 0, 0, 0, 0, 0, 0, 0, 0, 0, 0, 1
"c:\Users\rxxim\Advanced-FitchFork\backend\marker\src\test_files\file_loader\case1\complexity.json", "JSON", 0, 1, 0, 0, 0, 0, 0, 0, 0, 0, 0, 0, 0, 0, 0, 1
"c:\Users\rxxim\Advanced-FitchFork\backend\marker\src\test_files\file_loader\case1\coverage.json", "JSON", 0, 1, 0, 0, 0, 0, 0, 0, 0, 0, 0, 0, 0, 0, 0, 1
"c:\Users\rxxim\Advanced-FitchFork\backend\marker\src\test_files\file_loader\case2\allocator.json", "JSON", 0, 1, 0, 0, 0, 0, 0, 0, 0, 0, 0, 0, 0, 0, 0, 1
"c:\Users\rxxim\Advanced-FitchFork\backend\marker\src\test_files\file_loader\case2\complexity.json", "JSON", 0, 1, 0, 0, 0, 0, 0, 0, 0, 0, 0, 0, 0, 0, 0, 1
"c:\Users\rxxim\Advanced-FitchFork\backend\marker\src\test_files\file_loader\case2\coverage.json", "JSON", 0, 1, 0, 0, 0, 0, 0, 0, 0, 0, 0, 0, 0, 0, 0, 1
"c:\Users\rxxim\Advanced-FitchFork\backend\marker\src\test_files\file_loader\case3\allocator.json", "JSON", 0, 1, 0, 0, 0, 0, 0, 0, 0, 0, 0, 0, 0, 0, 0, 1
"c:\Users\rxxim\Advanced-FitchFork\backend\marker\src\test_files\file_loader\case3\complexity.json", "JSON", 0, 1, 0, 0, 0, 0, 0, 0, 0, 0, 0, 0, 0, 0, 0, 1
"c:\Users\rxxim\Advanced-FitchFork\backend\marker\src\test_files\file_loader\case3\coverage.json", "JSON", 0, 1, 0, 0, 0, 0, 0, 0, 0, 0, 0, 0, 0, 0, 0, 1
"c:\Users\rxxim\Advanced-FitchFork\backend\marker\src\test_files\file_loader\case4\allocator.json", "JSON", 0, 1, 0, 0, 0, 0, 0, 0, 0, 0, 0, 0, 0, 0, 0, 1
"c:\Users\rxxim\Advanced-FitchFork\backend\marker\src\test_files\file_loader\case4\complexity.json", "JSON", 0, 1, 0, 0, 0, 0, 0, 0, 0, 0, 0, 0, 0, 0, 0, 1
"c:\Users\rxxim\Advanced-FitchFork\backend\marker\src\test_files\file_loader\case4\coverage.json", "JSON", 0, 1, 0, 0, 0, 0, 0, 0, 0, 0, 0, 0, 0, 0, 0, 1
"c:\Users\rxxim\Advanced-FitchFork\backend\marker\src\test_files\file_loader\case5\allocator.json", "JSON", 0, 1, 0, 0, 0, 0, 0, 0, 0, 0, 0, 0, 0, 0, 0, 1
"c:\Users\rxxim\Advanced-FitchFork\backend\marker\src\test_files\file_loader\case5\complexity.json", "JSON", 0, 1, 0, 0, 0, 0, 0, 0, 0, 0, 0, 0, 0, 0, 0, 1
"c:\Users\rxxim\Advanced-FitchFork\backend\marker\src\test_files\file_loader\case5\coverage.json", "JSON", 0, 1, 0, 0, 0, 0, 0, 0, 0, 0, 0, 0, 0, 0, 0, 1
"c:\Users\rxxim\Advanced-FitchFork\backend\marker\src\test_files\marker\case1\allocator.json", "JSON", 0, 14, 0, 0, 0, 0, 0, 0, 0, 0, 0, 0, 0, 0, 0, 14
"c:\Users\rxxim\Advanced-FitchFork\backend\marker\src\test_files\marker\case2\allocator.json", "JSON", 0, 25, 0, 0, 0, 0, 0, 0, 0, 0, 0, 0, 0, 0, 1, 26
"c:\Users\rxxim\Advanced-FitchFork\backend\marker\src\test_files\marker\case3\allocator.json", "JSON", 0, 25, 0, 0, 0, 0, 0, 0, 0, 0, 0, 0, 0, 0, 0, 25
"c:\Users\rxxim\Advanced-FitchFork\backend\marker\src\test_files\marker\case4\allocator.json", "JSON", 0, 25, 0, 0, 0, 0, 0, 0, 0, 0, 0, 0, 0, 0, 0, 25
"c:\Users\rxxim\Advanced-FitchFork\backend\marker\src\test_files\marker\case5\allocator.json", "JSON", 0, 25, 0, 0, 0, 0, 0, 0, 0, 0, 0, 0, 0, 0, 0, 25
"c:\Users\rxxim\Advanced-FitchFork\backend\marker\src\test_files\marker\case6\allocator.json", "JSON", 0, 15, 0, 0, 0, 0, 0, 0, 0, 0, 0, 0, 0, 0, 0, 15
"c:\Users\rxxim\Advanced-FitchFork\backend\marker\src\test_files\marker\case7\allocator.json", "JSON", 0, 15, 0, 0, 0, 0, 0, 0, 0, 0, 0, 0, 0, 0, 0, 15
"c:\Users\rxxim\Advanced-FitchFork\backend\marker\src\test_files\marker\case8\allocator.json", "JSON", 0, 15, 0, 0, 0, 0, 0, 0, 0, 0, 0, 0, 0, 0, 0, 15
"c:\Users\rxxim\Advanced-FitchFork\backend\marker\src\test_files\marker\case9\allocator.json", "JSON", 0, 15, 0, 0, 0, 0, 0, 0, 0, 0, 0, 0, 0, 0, 0, 15
"c:\Users\rxxim\Advanced-FitchFork\backend\marker\src\traits\comparator.rs", "Rust", 0, 0, 0, 0, 0, 0, 0, 0, 0, 0, 9, 0, 0, 10, 1, 20
"c:\Users\rxxim\Advanced-FitchFork\backend\marker\src\traits\feedback.rs", "Rust", 0, 0, 0, 0, 0, 0, 0, 0, 0, 0, 13, 0, 0, 19, 3, 35
"c:\Users\rxxim\Advanced-FitchFork\backend\marker\src\traits\mod.rs", "Rust", 0, 0, 0, 0, 0, 0, 0, 0, 0, 0, 3, 0, 0, 10, 1, 14
"c:\Users\rxxim\Advanced-FitchFork\backend\marker\src\traits\parser.rs", "Rust", 0, 0, 0, 0, 0, 0, 0, 0, 0, 0, 5, 0, 0, 49, 4, 58
"c:\Users\rxxim\Advanced-FitchFork\backend\marker\src\types.rs", "Rust", 0, 0, 0, 0, 0, 0, 0, 0, 0, 0, 30, 0, 0, 29, 6, 65
"c:\Users\rxxim\Advanced-FitchFork\backend\marker\src\utilities\file_loader.rs", "Rust", 0, 0, 0, 0, 0, 0, 0, 0, 0, 0, 237, 0, 0, 54, 20, 311
"c:\Users\rxxim\Advanced-FitchFork\backend\marker\src\utilities\mod.rs", "Rust", 0, 0, 0, 0, 0, 0, 0, 0, 0, 0, 1, 0, 0, 8, 1, 10
"c:\Users\rxxim\Advanced-FitchFork\backend\migration\Cargo.toml", "TOML", 0, 0, 0, 0, 0, 0, 0, 18, 0, 0, 0, 0, 0, 0, 3, 21
"c:\Users\rxxim\Advanced-FitchFork\backend\migration\src\lib.rs", "Rust", 0, 0, 0, 0, 0, 0, 0, 0, 0, 0, 4, 0, 0, 0, 2, 6
"c:\Users\rxxim\Advanced-FitchFork\backend\migration\src\main.rs", "Rust", 0, 0, 0, 0, 0, 0, 0, 0, 0, 0, 45, 0, 0, 0, 8, 53
"c:\Users\rxxim\Advanced-FitchFork\backend\migration\src\migrations\m202505290001_create_users.rs", "Rust", 0, 0, 0, 0, 0, 0, 0, 0, 0, 0, 33, 0, 0, 0, 5, 38
"c:\Users\rxxim\Advanced-FitchFork\backend\migration\src\migrations\m202505290002_create_modules.rs", "Rust", 0, 0, 0, 0, 0, 0, 0, 0, 0, 0, 33, 0, 0, 0, 5, 38
"c:\Users\rxxim\Advanced-FitchFork\backend\migration\src\migrations\m202505290003_create_user_module_roles.rs", "Rust", 0, 0, 0, 0, 0, 0, 0, 0, 0, 0, 55, 0, 0, 0, 5, 60
"c:\Users\rxxim\Advanced-FitchFork\backend\migration\src\migrations\m202505290004_create_assignments.rs", "Rust", 0, 0, 0, 0, 0, 0, 0, 0, 0, 0, 76, 0, 0, 0, 5, 81
"c:\Users\rxxim\Advanced-FitchFork\backend\migration\src\migrations\m202505290005_create_assignment_files.rs", "Rust", 0, 0, 0, 0, 0, 0, 0, 0, 0, 0, 76, 0, 0, 0, 5, 81
"c:\Users\rxxim\Advanced-FitchFork\backend\migration\src\migrations\m202505290006_create_assignment_submissions.rs", "Rust", 0, 0, 0, 0, 0, 0, 0, 0, 0, 0, 76, 0, 0, 0, 5, 81
"c:\Users\rxxim\Advanced-FitchFork\backend\migration\src\migrations\m202505290007_create_password_reset_tokens.rs", "Rust", 0, 0, 0, 0, 0, 0, 0, 0, 0, 0, 62, 0, 0, 0, 5, 67
"c:\Users\rxxim\Advanced-FitchFork\backend\migration\src\migrations\m202505290008_create_tasks.rs", "Rust", 0, 0, 0, 0, 0, 0, 0, 0, 0, 0, 71, 0, 0, 0, 5, 76
"c:\Users\rxxim\Advanced-FitchFork\backend\migration\src\migrations\m202505290009_create_memo_outputs.rs", "Rust", 0, 0, 0, 0, 0, 0, 0, 0, 0, 0, 74, 0, 0, 0, 5, 79
"c:\Users\rxxim\Advanced-FitchFork\backend\migration\src\migrations\m202505290010_create_submission_outputs.rs", "Rust", 0, 0, 0, 0, 0, 0, 0, 0, 0, 0, 77, 0, 0, 0, 5, 82
"c:\Users\rxxim\Advanced-FitchFork\backend\migration\src\migrations\m202505290011_create_overwrite_files.rs", "Rust", 0, 0, 0, 0, 0, 0, 0, 0, 0, 0, 78, 0, 0, 0, 5, 83
"c:\Users\rxxim\Advanced-FitchFork\backend\migration\src\migrations\m202506080012_create_plagiarism_cases.rs", "Rust", 0, 0, 0, 0, 0, 0, 0, 0, 0, 0, 72, 0, 0, 0, 5, 77
"c:\Users\rxxim\Advanced-FitchFork\backend\migration\src\migrations\m202508020001_create_tickets.rs", "Rust", 0, 0, 0, 0, 0, 0, 0, 0, 0, 0, 92, 0, 0, 0, 5, 97
"c:\Users\rxxim\Advanced-FitchFork\backend\migration\src\migrations\m202508020002_create_ticket_messages.rs", "Rust", 0, 0, 0, 0, 0, 0, 0, 0, 0, 0, 75, 0, 0, 0, 5, 80
"c:\Users\rxxim\Advanced-FitchFork\backend\migration\src\migrations\m202508020003_create_interpreter.rs", "Rust", 0, 0, 0, 0, 0, 0, 0, 0, 0, 0, 58, 0, 0, 0, 5, 63
"c:\Users\rxxim\Advanced-FitchFork\backend\migration\src\migrations\m202508060001_create_announcements.rs", "Rust", 0, 0, 0, 0, 0, 0, 0, 0, 0, 0, 86, 0, 0, 0, 5, 91
"c:\Users\rxxim\Advanced-FitchFork\backend\migration\src\migrations\mod.rs", "Rust", 0, 0, 0, 0, 0, 0, 0, 0, 0, 0, 16, 0, 0, 0, 1, 17
"c:\Users\rxxim\Advanced-FitchFork\backend\migration\src\migrator.rs", "Rust", 0, 0, 0, 0, 0, 0, 0, 0, 0, 0, 26, 0, 0, 0, 4, 30
"c:\Users\rxxim\Advanced-FitchFork\backend\migration\src\runner.rs", "Rust", 0, 0, 0, 0, 0, 0, 0, 0, 0, 0, 39, 0, 0, 0, 8, 47
"c:\Users\rxxim\Advanced-FitchFork\backend\moss_parser\Cargo.toml", "TOML", 0, 0, 0, 0, 0, 0, 0, 14, 0, 0, 0, 0, 0, 0, 2, 16
"c:\Users\rxxim\Advanced-FitchFork\backend\moss_parser\src\main.rs", "Rust", 0, 0, 0, 0, 0, 0, 0, 0, 0, 0, 336, 0, 0, 5, 48, 389
"c:\Users\rxxim\Advanced-FitchFork\backend\seeder\Cargo.toml", "TOML", 0, 0, 0, 0, 0, 0, 0, 18, 0, 0, 0, 0, 0, 0, 1, 19
"c:\Users\rxxim\Advanced-FitchFork\backend\seeder\src\main.rs", "Rust", 0, 0, 0, 0, 0, 0, 0, 0, 0, 0, 49, 0, 0, 0, 4, 53
"c:\Users\rxxim\Advanced-FitchFork\backend\seeder\src\seed.rs", "Rust", 0, 0, 0, 0, 0, 0, 0, 0, 0, 0, 27, 0, 0, 0, 6, 33
"c:\Users\rxxim\Advanced-FitchFork\backend\seeder\src\seeds\assignment.rs", "Rust", 0, 0, 0, 0, 0, 0, 0, 0, 0, 0, 66, 0, 0, 0, 8, 74
"c:\Users\rxxim\Advanced-FitchFork\backend\seeder\src\seeds\assignment_file.rs", "Rust", 0, 0, 0, 0, 0, 0, 0, 0, 0, 0, 434, 0, 0, 3, 69, 506
"c:\Users\rxxim\Advanced-FitchFork\backend\seeder\src\seeds\assignment_interpreter.rs", "Rust", 0, 0, 0, 0, 0, 0, 0, 0, 0, 0, 147, 0, 0, 7, 31, 185
"c:\Users\rxxim\Advanced-FitchFork\backend\seeder\src\seeds\assignment_memo_output.rs", "Rust", 0, 0, 0, 0, 0, 0, 0, 0, 0, 0, 56, 0, 0, 3, 8, 67
"c:\Users\rxxim\Advanced-FitchFork\backend\seeder\src\seeds\assignment_overwrite_file.rs", "Rust", 0, 0, 0, 0, 0, 0, 0, 0, 0, 0, 56, 0, 0, 3, 8, 67
"c:\Users\rxxim\Advanced-FitchFork\backend\seeder\src\seeds\assignment_submission.rs", "Rust", 0, 0, 0, 0, 0, 0, 0, 0, 0, 0, 245, 0, 0, 1, 33, 279
"c:\Users\rxxim\Advanced-FitchFork\backend\seeder\src\seeds\assignment_submission_output.rs", "Rust", 0, 0, 0, 0, 0, 0, 0, 0, 0, 0, 57, 0, 0, 1, 9, 67
"c:\Users\rxxim\Advanced-FitchFork\backend\seeder\src\seeds\assignment_task.rs", "Rust", 0, 0, 0, 0, 0, 0, 0, 0, 0, 0, 85, 0, 0, 2, 13, 100
"c:\Users\rxxim\Advanced-FitchFork\backend\seeder\src\seeds\mod.rs", "Rust", 0, 0, 0, 0, 0, 0, 0, 0, 0, 0, 13, 0, 0, 0, 0, 13
"c:\Users\rxxim\Advanced-FitchFork\backend\seeder\src\seeds\module.rs", "Rust", 0, 0, 0, 0, 0, 0, 0, 0, 0, 0, 78, 0, 0, 1, 11, 90
"c:\Users\rxxim\Advanced-FitchFork\backend\seeder\src\seeds\plagiarism_case.rs", "Rust", 0, 0, 0, 0, 0, 0, 0, 0, 0, 0, 65, 0, 0, 4, 12, 81
"c:\Users\rxxim\Advanced-FitchFork\backend\seeder\src\seeds\tickets.rs", "Rust", 0, 0, 0, 0, 0, 0, 0, 0, 0, 0, 51, 0, 0, 0, 11, 62
"c:\Users\rxxim\Advanced-FitchFork\backend\seeder\src\seeds\user.rs", "Rust", 0, 0, 0, 0, 0, 0, 0, 0, 0, 0, 20, 0, 0, 6, 8, 34
"c:\Users\rxxim\Advanced-FitchFork\backend\seeder\src\seeds\user_role.rs", "Rust", 0, 0, 0, 0, 0, 0, 0, 0, 0, 0, 60, 0, 0, 3, 8, 71
"c:\Users\rxxim\Advanced-FitchFork\backend\util\Cargo.toml", "TOML", 0, 0, 0, 0, 0, 0, 0, 21, 0, 0, 0, 0, 0, 0, 1, 22
"c:\Users\rxxim\Advanced-FitchFork\backend\util\src\config.rs", "Rust", 0, 0, 0, 0, 0, 0, 0, 0, 0, 0, 150, 0, 0, 23, 28, 201
"c:\Users\rxxim\Advanced-FitchFork\backend\util\src\execution_config\execution_config.rs", "Rust", 0, 0, 0, 0, 0, 0, 0, 0, 0, 0, 369, 0, 0, 7, 78, 454
"c:\Users\rxxim\Advanced-FitchFork\backend\util\src\execution_config\mod.rs", "Rust", 0, 0, 0, 0, 0, 0, 0, 0, 0, 0, 2, 0, 0, 0, 2, 4
"c:\Users\rxxim\Advanced-FitchFork\backend\util\src\lib.rs", "Rust", 0, 0, 0, 0, 0, 0, 0, 0, 0, 0, 5, 0, 0, 0, 0, 5
"c:\Users\rxxim\Advanced-FitchFork\backend\util\src\mark_allocator\mark_allocator.rs", "Rust", 0, 0, 0, 0, 0, 0, 0, 0, 0, 0, 138, 0, 0, 50, 34, 222
"c:\Users\rxxim\Advanced-FitchFork\backend\util\src\mark_allocator\mod.rs", "Rust", 0, 0, 0, 0, 0, 0, 0, 0, 0, 0, 1, 0, 0, 0, 1, 2
"c:\Users\rxxim\Advanced-FitchFork\backend\util\src\state.rs", "Rust", 0, 0, 0, 0, 0, 0, 0, 0, 0, 0, 26, 0, 0, 25, 8, 59
"c:\Users\rxxim\Advanced-FitchFork\backend\util\src\ws\handler.rs", "Rust", 0, 0, 0, 0, 0, 0, 0, 0, 0, 0, 69, 0, 0, 4, 9, 82
"c:\Users\rxxim\Advanced-FitchFork\backend\util\src\ws\manager.rs", "Rust", 0, 0, 0, 0, 0, 0, 0, 0, 0, 0, 80, 0, 0, 39, 26, 145
"c:\Users\rxxim\Advanced-FitchFork\backend\util\src\ws\mod.rs", "Rust", 0, 0, 0, 0, 0, 0, 0, 0, 0, 0, 4, 0, 0, 0, 2, 6
"c:\Users\rxxim\Advanced-FitchFork\frontend\eslint.config.js", "JavaScript", 0, 0, 0, 51, 0, 0, 0, 0, 0, 0, 0, 0, 0, 1, 3, 55
"c:\Users\rxxim\Advanced-FitchFork\frontend\index.html", "HTML", 0, 0, 0, 0, 0, 13, 0, 0, 0, 0, 0, 0, 0, 0, 1, 14
"c:\Users\rxxim\Advanced-FitchFork\frontend\package-lock.json", "JSON", 0, 12080, 0, 0, 0, 0, 0, 0, 0, 0, 0, 0, 0, 0, 1, 12081
"c:\Users\rxxim\Advanced-FitchFork\frontend\package.json", "JSON", 0, 65, 0, 0, 0, 0, 0, 0, 0, 0, 0, 0, 0, 0, 0, 65
"c:\Users\rxxim\Advanced-FitchFork\frontend\public\FitchFork.html", "HTML", 0, 0, 0, 0, 0, 20, 0, 0, 0, 0, 0, 0, 0, 0, 3, 23
"c:\Users\rxxim\Advanced-FitchFork\frontend\public\ff_logo_dark.svg", "XML", 0, 0, 0, 0, 0, 0, 0, 0, 0, 0, 0, 0, 4, 0, 1, 5
"c:\Users\rxxim\Advanced-FitchFork\frontend\public\ff_logo_favicon.svg", "XML", 0, 0, 0, 0, 0, 0, 0, 0, 0, 0, 0, 0, 5, 0, 1, 6
"c:\Users\rxxim\Advanced-FitchFork\frontend\public\ff_logo_light.svg", "XML", 0, 0, 0, 0, 0, 0, 0, 0, 0, 0, 0, 0, 4, 0, 1, 5
"c:\Users\rxxim\Advanced-FitchFork\frontend\src\App.css", "PostCSS", 0, 0, 0, 0, 0, 0, 0, 0, 0, 0, 0, 0, 0, 0, 1, 1
"c:\Users\rxxim\Advanced-FitchFork\frontend\src\App.tsx", "TypeScript JSX", 0, 0, 0, 0, 0, 0, 0, 0, 0, 132, 0, 0, 0, 7, 21, 160
"c:\Users\rxxim\Advanced-FitchFork\frontend\src\components\AdminTag.tsx", "TypeScript JSX", 0, 0, 0, 0, 0, 0, 0, 0, 0, 7, 0, 0, 0, 1, 3, 11
"c:\Users\rxxim\Advanced-FitchFork\frontend\src\components\CodeDiffEditor.tsx", "TypeScript JSX", 0, 0, 0, 0, 0, 0, 0, 0, 0, 66, 0, 0, 0, 2, 8, 76
"c:\Users\rxxim\Advanced-FitchFork\frontend\src\components\CodeEditor.tsx", "TypeScript JSX", 0, 0, 0, 0, 0, 0, 0, 0, 0, 105, 0, 0, 0, 3, 11, 119
"c:\Users\rxxim\Advanced-FitchFork\frontend\src\components\ControlBar.tsx", "TypeScript JSX", 0, 0, 0, 0, 0, 0, 0, 0, 0, 460, 0, 0, 0, 1, 41, 502
"c:\Users\rxxim\Advanced-FitchFork\frontend\src\components\CreateModal.tsx", "TypeScript JSX", 0, 0, 0, 0, 0, 0, 0, 0, 0, 103, 0, 0, 0, 3, 14, 120
"c:\Users\rxxim\Advanced-FitchFork\frontend\src\components\EditModal.tsx", "TypeScript JSX", 0, 0, 0, 0, 0, 0, 0, 0, 0, 100, 0, 0, 0, 1, 12, 113
"c:\Users\rxxim\Advanced-FitchFork\frontend\src\components\EntityList.tsx", "TypeScript JSX", 0, 0, 0, 0, 0, 0, 0, 0, 0, 465, 0, 0, 0, 0, 31, 496
"c:\Users\rxxim\Advanced-FitchFork\frontend\src\components\Logo.tsx", "TypeScript JSX", 0, 0, 0, 0, 0, 0, 0, 0, 0, 83, 0, 0, 0, 0, 9, 92
"c:\Users\rxxim\Advanced-FitchFork\frontend\src\components\Notifier.tsx", "TypeScript JSX", 0, 0, 0, 0, 0, 0, 0, 0, 0, 26, 0, 0, 0, 1, 6, 33
"c:\Users\rxxim\Advanced-FitchFork\frontend\src\components\PageHeader.tsx", "TypeScript JSX", 0, 0, 0, 0, 0, 0, 0, 0, 0, 25, 0, 0, 0, 0, 5, 30
"c:\Users\rxxim\Advanced-FitchFork\frontend\src\components\SettingsGroup.tsx", "TypeScript JSX", 0, 0, 0, 0, 0, 0, 0, 0, 0, 31, 0, 0, 0, 0, 4, 35
"c:\Users\rxxim\Advanced-FitchFork\frontend\src\components\StatCard.tsx", "TypeScript JSX", 0, 0, 0, 0, 0, 0, 0, 0, 0, 35, 0, 0, 0, 0, 3, 38
"c:\Users\rxxim\Advanced-FitchFork\frontend\src\components\TagSummary.tsx", "TypeScript JSX", 0, 0, 0, 0, 0, 0, 0, 0, 0, 75, 0, 0, 0, 3, 8, 86
"c:\Users\rxxim\Advanced-FitchFork\frontend\src\components\assignments\AssignmentCard.tsx", "TypeScript JSX", 0, 0, 0, 0, 0, 0, 0, 0, 0, 68, 0, 0, 0, 0, 10, 78
"c:\Users\rxxim\Advanced-FitchFork\frontend\src\components\assignments\AssignmentStatusTag.tsx", "TypeScript JSX", 0, 0, 0, 0, 0, 0, 0, 0, 0, 21, 0, 0, 0, 0, 6, 27
"c:\Users\rxxim\Advanced-FitchFork\frontend\src\components\assignments\AssignmentTypeTag.tsx", "TypeScript JSX", 0, 0, 0, 0, 0, 0, 0, 0, 0, 18, 0, 0, 0, 0, 5, 23
"c:\Users\rxxim\Advanced-FitchFork\frontend\src\components\dashboard\ModuleAssignmentsPanel.tsx", "TypeScript JSX", 0, 0, 0, 0, 0, 0, 0, 0, 0, 46, 0, 0, 0, 0, 5, 51
"c:\Users\rxxim\Advanced-FitchFork\frontend\src\components\dashboard\QuickActionsPanel.tsx", "TypeScript JSX", 0, 0, 0, 0, 0, 0, 0, 0, 0, 36, 0, 0, 0, 0, 6, 42
"c:\Users\rxxim\Advanced-FitchFork\frontend\src\components\dashboard\SubmissionsPanel.tsx", "TypeScript JSX", 0, 0, 0, 0, 0, 0, 0, 0, 0, 132, 0, 0, 0, 2, 18, 152
"c:\Users\rxxim\Advanced-FitchFork\frontend\src\components\dashboard\SystemOverviewPanel.tsx", "TypeScript JSX", 0, 0, 0, 0, 0, 0, 0, 0, 0, 250, 0, 0, 0, 1, 30, 281
"c:\Users\rxxim\Advanced-FitchFork\frontend\src\components\dashboard\UserManagementPanel.tsx", "TypeScript JSX", 0, 0, 0, 0, 0, 0, 0, 0, 0, 57, 0, 0, 0, 0, 8, 65
"c:\Users\rxxim\Advanced-FitchFork\frontend\src\components\layout\HeaderBar.tsx", "TypeScript JSX", 0, 0, 0, 0, 0, 0, 0, 0, 0, 82, 0, 0, 0, 4, 11, 97
"c:\Users\rxxim\Advanced-FitchFork\frontend\src\components\layout\NotificationDropdown.tsx", "TypeScript JSX", 0, 0, 0, 0, 0, 0, 0, 0, 0, 31, 0, 0, 0, 1, 6, 38
"c:\Users\rxxim\Advanced-FitchFork\frontend\src\components\layout\SidebarContent.tsx", "TypeScript JSX", 0, 0, 0, 0, 0, 0, 0, 0, 0, 124, 0, 0, 0, 0, 9, 133
"c:\Users\rxxim\Advanced-FitchFork\frontend\src\components\modules\ModuleCard.tsx", "TypeScript JSX", 0, 0, 0, 0, 0, 0, 0, 0, 0, 87, 0, 0, 0, 0, 10, 97
"c:\Users\rxxim\Advanced-FitchFork\frontend\src\components\modules\ModuleCreditsTag.tsx", "TypeScript JSX", 0, 0, 0, 0, 0, 0, 0, 0, 0, 12, 0, 0, 0, 1, 5, 18
"c:\Users\rxxim\Advanced-FitchFork\frontend\src\components\modules\ModuleRoleTag.tsx", "TypeScript JSX", 0, 0, 0, 0, 0, 0, 0, 0, 0, 27, 0, 0, 0, 0, 6, 33
"c:\Users\rxxim\Advanced-FitchFork\frontend\src\components\routes\ProtectedAdminRoute.tsx", "TypeScript JSX", 0, 0, 0, 0, 0, 0, 0, 0, 0, 8, 0, 0, 0, 0, 4, 12
"c:\Users\rxxim\Advanced-FitchFork\frontend\src\components\routes\ProtectedAuthRoute.tsx", "TypeScript JSX", 0, 0, 0, 0, 0, 0, 0, 0, 0, 7, 0, 0, 0, 0, 4, 11
"c:\Users\rxxim\Advanced-FitchFork\frontend\src\components\routes\ProtectedModuleRoute.tsx", "TypeScript JSX", 0, 0, 0, 0, 0, 0, 0, 0, 0, 19, 0, 0, 0, 0, 8, 27
"c:\Users\rxxim\Advanced-FitchFork\frontend\src\components\submissions\SubmisisonTasks.tsx", "TypeScript JSX", 0, 0, 0, 0, 0, 0, 0, 0, 0, 107, 0, 0, 0, 0, 16, 123
"c:\Users\rxxim\Advanced-FitchFork\frontend\src\components\submissions\SubmissionCard.tsx", "TypeScript JSX", 0, 0, 0, 0, 0, 0, 0, 0, 0, 59, 0, 0, 0, 0, 9, 68
"c:\Users\rxxim\Advanced-FitchFork\frontend\src\components\users\UserAdminTag.tsx", "TypeScript JSX", 0, 0, 0, 0, 0, 0, 0, 0, 0, 8, 0, 0, 0, 0, 4, 12
"c:\Users\rxxim\Advanced-FitchFork\frontend\src\components\users\UserCard.tsx", "TypeScript JSX", 0, 0, 0, 0, 0, 0, 0, 0, 0, 36, 0, 0, 0, 0, 5, 41
"c:\Users\rxxim\Advanced-FitchFork\frontend\src\components\utils\ConfirmModal.tsx", "TypeScript JSX", 0, 0, 0, 0, 0, 0, 0, 0, 0, 34, 0, 0, 0, 0, 4, 38
"c:\Users\rxxim\Advanced-FitchFork\frontend\src\config\api.ts", "TypeScript", 0, 0, 2, 0, 0, 0, 0, 0, 0, 0, 0, 0, 0, 3, 0, 5
"c:\Users\rxxim\Advanced-FitchFork\frontend\src\constants\assignments\index.ts", "TypeScript", 0, 0, 15, 0, 0, 0, 0, 0, 0, 0, 0, 0, 0, 0, 1, 16
"c:\Users\rxxim\Advanced-FitchFork\frontend\src\constants\mock\assignment.ts", "TypeScript", 0, 0, 5, 0, 0, 0, 0, 0, 0, 0, 0, 0, 0, 0, 1, 6
"c:\Users\rxxim\Advanced-FitchFork\frontend\src\constants\pagination.ts", "TypeScript", 0, 0, 1, 0, 0, 0, 0, 0, 0, 0, 0, 0, 0, 0, 0, 1
"c:\Users\rxxim\Advanced-FitchFork\frontend\src\constants\sidebar.ts", "TypeScript", 0, 0, 89, 0, 0, 0, 0, 0, 0, 0, 0, 0, 0, 9, 8, 106
"c:\Users\rxxim\Advanced-FitchFork\frontend\src\context\AppMuiTheme.tsx", "TypeScript JSX", 0, 0, 0, 0, 0, 0, 0, 0, 0, 16, 0, 0, 0, 1, 4, 21
"c:\Users\rxxim\Advanced-FitchFork\frontend\src\context\AssignmentContext.tsx", "TypeScript JSX", 0, 0, 0, 0, 0, 0, 0, 0, 0, 21, 0, 0, 0, 0, 6, 27
"c:\Users\rxxim\Advanced-FitchFork\frontend\src\context\AssignmentSetupContext.tsx", "TypeScript JSX", 0, 0, 0, 0, 0, 0, 0, 0, 0, 21, 0, 0, 0, 0, 6, 27
"c:\Users\rxxim\Advanced-FitchFork\frontend\src\context\AuthContext.tsx", "TypeScript JSX", 0, 0, 0, 0, 0, 0, 0, 0, 0, 203, 0, 0, 0, 2, 32, 237
"c:\Users\rxxim\Advanced-FitchFork\frontend\src\context\BreadcrumbContext.tsx", "TypeScript JSX", 0, 0, 0, 0, 0, 0, 0, 0, 0, 23, 0, 0, 0, 0, 8, 31
"c:\Users\rxxim\Advanced-FitchFork\frontend\src\context\ModuleContext.tsx", "TypeScript JSX", 0, 0, 0, 0, 0, 0, 0, 0, 0, 18, 0, 0, 0, 1, 6, 25
"c:\Users\rxxim\Advanced-FitchFork\frontend\src\context\StepNavigatorContext.tsx", "TypeScript JSX", 0, 0, 0, 0, 0, 0, 0, 0, 0, 13, 0, 0, 0, 0, 4, 17
"c:\Users\rxxim\Advanced-FitchFork\frontend\src\context\ThemeContext.tsx", "TypeScript JSX", 0, 0, 0, 0, 0, 0, 0, 0, 0, 43, 0, 0, 0, 1, 10, 54
"c:\Users\rxxim\Advanced-FitchFork\frontend\src\context\UIContext.tsx", "TypeScript JSX", 0, 0, 0, 0, 0, 0, 0, 0, 0, 43, 0, 0, 0, 1, 9, 53
"c:\Users\rxxim\Advanced-FitchFork\frontend\src\hooks\useBreadcrumbs.ts", "TypeScript", 0, 0, 25, 0, 0, 0, 0, 0, 0, 0, 0, 0, 0, 1, 7, 33
"c:\Users\rxxim\Advanced-FitchFork\frontend\src\hooks\useEntityViewState.tsx", "TypeScript JSX", 0, 0, 0, 0, 0, 0, 0, 0, 0, 97, 0, 0, 0, 51, 29, 177
"c:\Users\rxxim\Advanced-FitchFork\frontend\src\hooks\useNotImplemented.ts", "TypeScript", 0, 0, 8, 0, 0, 0, 0, 0, 0, 0, 0, 0, 0, 0, 4, 12
"c:\Users\rxxim\Advanced-FitchFork\frontend\src\hooks\useTableQuery.ts", "TypeScript", 0, 0, 62, 0, 0, 0, 0, 0, 0, 0, 0, 0, 0, 3, 12, 77
"c:\Users\rxxim\Advanced-FitchFork\frontend\src\index.css", "PostCSS", 0, 0, 0, 0, 0, 0, 60, 0, 0, 0, 0, 0, 0, 32, 13, 105
"c:\Users\rxxim\Advanced-FitchFork\frontend\src\layouts\AppLayout.tsx", "TypeScript JSX", 0, 0, 0, 0, 0, 0, 0, 0, 0, 126, 0, 0, 0, 0, 18, 144
"c:\Users\rxxim\Advanced-FitchFork\frontend\src\layouts\AssignmentLayout.tsx", "TypeScript JSX", 0, 0, 0, 0, 0, 0, 0, 0, 0, 470, 0, 0, 0, 2, 41, 513
"c:\Users\rxxim\Advanced-FitchFork\frontend\src\layouts\AuthLayout.tsx", "TypeScript JSX", 0, 0, 0, 0, 0, 0, 0, 0, 0, 8, 0, 0, 0, 0, 2, 10
"c:\Users\rxxim\Advanced-FitchFork\frontend\src\layouts\HelpPageLayout.tsx", "TypeScript JSX", 0, 0, 0, 0, 0, 0, 0, 0, 0, 49, 0, 0, 0, 0, 7, 56
"c:\Users\rxxim\Advanced-FitchFork\frontend\src\layouts\ModuleLayout.tsx", "TypeScript JSX", 0, 0, 0, 0, 0, 0, 0, 0, 0, 119, 0, 0, 0, 0, 16, 135
"c:\Users\rxxim\Advanced-FitchFork\frontend\src\layouts\SettingsLayout.tsx", "TypeScript JSX", 0, 0, 0, 0, 0, 0, 0, 0, 0, 60, 0, 0, 0, 0, 7, 67
"c:\Users\rxxim\Advanced-FitchFork\frontend\src\main.tsx", "TypeScript JSX", 0, 0, 0, 0, 0, 0, 0, 0, 0, 30, 0, 0, 0, 0, 2, 32
"c:\Users\rxxim\Advanced-FitchFork\frontend\src\pages\Chat.tsx", "TypeScript JSX", 0, 0, 0, 0, 0, 0, 0, 0, 0, 226, 0, 0, 0, 4, 33, 263
"c:\Users\rxxim\Advanced-FitchFork\frontend\src\pages\Dashboard.tsx", "TypeScript JSX", 0, 0, 0, 0, 0, 0, 0, 0, 0, 53, 0, 0, 0, 3, 5, 61
"c:\Users\rxxim\Advanced-FitchFork\frontend\src\pages\Landing.tsx", "TypeScript JSX", 0, 0, 0, 0, 0, 0, 0, 0, 0, 154, 0, 0, 0, 7, 13, 174
"c:\Users\rxxim\Advanced-FitchFork\frontend\src\pages\auth\Login.tsx", "TypeScript JSX", 0, 0, 0, 0, 0, 0, 0, 0, 0, 88, 0, 0, 0, 0, 13, 101
"c:\Users\rxxim\Advanced-FitchFork\frontend\src\pages\auth\PasswordResetSuccessPage.tsx", "TypeScript JSX", 0, 0, 0, 0, 0, 0, 0, 0, 0, 26, 0, 0, 0, 0, 4, 30
"c:\Users\rxxim\Advanced-FitchFork\frontend\src\pages\auth\RequestPasswordResetPage.tsx", "TypeScript JSX", 0, 0, 0, 0, 0, 0, 0, 0, 0, 91, 0, 0, 0, 0, 15, 106
"c:\Users\rxxim\Advanced-FitchFork\frontend\src\pages\auth\ResetPasswordPage.tsx", "TypeScript JSX", 0, 0, 0, 0, 0, 0, 0, 0, 0, 110, 0, 0, 0, 0, 17, 127
"c:\Users\rxxim\Advanced-FitchFork\frontend\src\pages\auth\Signup.tsx", "TypeScript JSX", 0, 0, 0, 0, 0, 0, 0, 0, 0, 121, 0, 0, 0, 0, 15, 136
"c:\Users\rxxim\Advanced-FitchFork\frontend\src\pages\help\HelpAccount.tsx", "TypeScript JSX", 0, 0, 0, 0, 0, 0, 0, 0, 0, 75, 0, 0, 0, 0, 15, 90
"c:\Users\rxxim\Advanced-FitchFork\frontend\src\pages\help\HelpAssignments.tsx", "TypeScript JSX", 0, 0, 0, 0, 0, 0, 0, 0, 0, 96, 0, 0, 0, 0, 18, 114
"c:\Users\rxxim\Advanced-FitchFork\frontend\src\pages\help\HelpContact.tsx", "TypeScript JSX", 0, 0, 0, 0, 0, 0, 0, 0, 0, 77, 0, 0, 0, 0, 15, 92
"c:\Users\rxxim\Advanced-FitchFork\frontend\src\pages\help\HelpSubmissions.tsx", "TypeScript JSX", 0, 0, 0, 0, 0, 0, 0, 0, 0, 104, 0, 0, 0, 0, 17, 121
"c:\Users\rxxim\Advanced-FitchFork\frontend\src\pages\help\HelpTroubleshooting.tsx", "TypeScript JSX", 0, 0, 0, 0, 0, 0, 0, 0, 0, 93, 0, 0, 0, 0, 18, 111
"c:\Users\rxxim\Advanced-FitchFork\frontend\src\pages\modules\ModuleGrades.tsx", "TypeScript JSX", 0, 0, 0, 0, 0, 0, 0, 0, 0, 250, 0, 0, 0, 5, 31, 286
"c:\Users\rxxim\Advanced-FitchFork\frontend\src\pages\modules\ModuleOverview.tsx", "TypeScript JSX", 0, 0, 0, 0, 0, 0, 0, 0, 0, 120, 0, 0, 0, 3, 11, 134
"c:\Users\rxxim\Advanced-FitchFork\frontend\src\pages\modules\ModulePersonnel.tsx", "TypeScript JSX", 0, 0, 0, 0, 0, 0, 0, 0, 0, 231, 0, 0, 0, 0, 26, 257
"c:\Users\rxxim\Advanced-FitchFork\frontend\src\pages\modules\ModuleResources.tsx", "TypeScript JSX", 0, 0, 0, 0, 0, 0, 0, 0, 0, 57, 0, 0, 0, 0, 6, 63
"c:\Users\rxxim\Advanced-FitchFork\frontend\src\pages\modules\ModulesList.tsx", "TypeScript JSX", 0, 0, 0, 0, 0, 0, 0, 0, 0, 290, 0, 0, 0, 0, 19, 309
"c:\Users\rxxim\Advanced-FitchFork\frontend\src\pages\modules\assignments\AssignmentFiles.tsx", "TypeScript JSX", 0, 0, 0, 0, 0, 0, 0, 0, 0, 124, 0, 0, 0, 0, 14, 138
"c:\Users\rxxim\Advanced-FitchFork\frontend\src\pages\modules\assignments\AssignmentsList.tsx", "TypeScript JSX", 0, 0, 0, 0, 0, 0, 0, 0, 0, 407, 0, 0, 0, 0, 29, 436
"c:\Users\rxxim\Advanced-FitchFork\frontend\src\pages\modules\assignments\Config.tsx", "TypeScript JSX", 0, 0, 0, 0, 0, 0, 0, 0, 0, 244, 0, 0, 0, 2, 29, 275
"c:\Users\rxxim\Advanced-FitchFork\frontend\src\pages\modules\assignments\MarkAllocator.tsx", "TypeScript JSX", 0, 0, 0, 0, 0, 0, 0, 0, 0, 60, 0, 0, 0, 0, 12, 72
"c:\Users\rxxim\Advanced-FitchFork\frontend\src\pages\modules\assignments\MemoOutput.tsx", "TypeScript JSX", 0, 0, 0, 0, 0, 0, 0, 0, 0, 51, 0, 0, 0, 0, 6, 57
"c:\Users\rxxim\Advanced-FitchFork\frontend\src\pages\modules\assignments\Tasks.tsx", "TypeScript JSX", 0, 0, 0, 0, 0, 0, 0, 0, 0, 287, 0, 0, 0, 1, 30, 318
"c:\Users\rxxim\Advanced-FitchFork\frontend\src\pages\modules\assignments\steps\AssignmentSetup.tsx", "TypeScript JSX", 0, 0, 0, 0, 0, 0, 0, 0, 0, 210, 0, 0, 0, 0, 38, 248
"c:\Users\rxxim\Advanced-FitchFork\frontend\src\pages\modules\assignments\steps\StepConfig.tsx", "TypeScript JSX", 0, 0, 0, 0, 0, 0, 0, 0, 0, 88, 0, 0, 0, 0, 14, 102
"c:\Users\rxxim\Advanced-FitchFork\frontend\src\pages\modules\assignments\steps\StepFilesResources.tsx", "TypeScript JSX", 0, 0, 0, 0, 0, 0, 0, 0, 0, 178, 0, 0, 0, 0, 22, 200
"c:\Users\rxxim\Advanced-FitchFork\frontend\src\pages\modules\assignments\steps\StepFinal.tsx", "TypeScript JSX", 0, 0, 0, 0, 0, 0, 0, 0, 0, 11, 0, 0, 0, 0, 4, 15
"c:\Users\rxxim\Advanced-FitchFork\frontend\src\pages\modules\assignments\steps\StepMarkAllocator.tsx", "TypeScript JSX", 0, 0, 0, 0, 0, 0, 0, 0, 0, 72, 0, 0, 0, 0, 13, 85
"c:\Users\rxxim\Advanced-FitchFork\frontend\src\pages\modules\assignments\steps\StepMemoAndAllocator.tsx", "TypeScript JSX", 0, 0, 0, 0, 0, 0, 0, 0, 0, 83, 0, 0, 0, 1, 14, 98
"c:\Users\rxxim\Advanced-FitchFork\frontend\src\pages\modules\assignments\steps\StepMemoOutput.tsx", "TypeScript JSX", 0, 0, 0, 0, 0, 0, 0, 0, 0, 72, 0, 0, 0, 0, 12, 84
"c:\Users\rxxim\Advanced-FitchFork\frontend\src\pages\modules\assignments\steps\StepTasks.tsx", "TypeScript JSX", 0, 0, 0, 0, 0, 0, 0, 0, 0, 172, 0, 0, 0, 0, 24, 196
"c:\Users\rxxim\Advanced-FitchFork\frontend\src\pages\modules\assignments\steps\StepWelcome.tsx", "TypeScript JSX", 0, 0, 0, 0, 0, 0, 0, 0, 0, 35, 0, 0, 0, 0, 7, 42
"c:\Users\rxxim\Advanced-FitchFork\frontend\src\pages\modules\assignments\submissions\index\Submissions.tsx", "TypeScript JSX", 0, 0, 0, 0, 0, 0, 0, 0, 0, 10, 0, 0, 0, 0, 4, 14
"c:\Users\rxxim\Advanced-FitchFork\frontend\src\pages\modules\assignments\submissions\index\SubmissionsList.tsx", "TypeScript JSX", 0, 0, 0, 0, 0, 0, 0, 0, 0, 204, 0, 0, 0, 0, 18, 222
"c:\Users\rxxim\Advanced-FitchFork\frontend\src\pages\modules\assignments\submissions\show\SubmissionView.tsx", "TypeScript JSX", 0, 0, 0, 0, 0, 0, 0, 0, 0, 161, 0, 0, 0, 0, 17, 178
"c:\Users\rxxim\Advanced-FitchFork\frontend\src\pages\settings\Account.tsx", "TypeScript JSX", 0, 0, 0, 0, 0, 0, 0, 0, 0, 158, 0, 0, 0, 0, 20, 178
"c:\Users\rxxim\Advanced-FitchFork\frontend\src\pages\settings\Appearance.tsx", "TypeScript JSX", 0, 0, 0, 0, 0, 0, 0, 0, 0, 162, 0, 0, 0, 0, 12, 174
"c:\Users\rxxim\Advanced-FitchFork\frontend\src\pages\settings\Security.tsx", "TypeScript JSX", 0, 0, 0, 0, 0, 0, 0, 0, 0, 106, 0, 0, 0, 0, 14, 120
"c:\Users\rxxim\Advanced-FitchFork\frontend\src\pages\shared\CalendarPage.tsx", "TypeScript JSX", 0, 0, 0, 0, 0, 0, 0, 0, 0, 16, 0, 0, 0, 0, 2, 18
"c:\Users\rxxim\Advanced-FitchFork\frontend\src\pages\shared\HelpPage.tsx", "TypeScript JSX", 0, 0, 0, 0, 0, 0, 0, 0, 0, 108, 0, 0, 0, 0, 15, 123
"c:\Users\rxxim\Advanced-FitchFork\frontend\src\pages\shared\status\Forbidden.tsx", "TypeScript JSX", 0, 0, 0, 0, 0, 0, 0, 0, 0, 34, 0, 0, 0, 0, 4, 38
"c:\Users\rxxim\Advanced-FitchFork\frontend\src\pages\shared\status\NotFound.tsx", "TypeScript JSX", 0, 0, 0, 0, 0, 0, 0, 0, 0, 34, 0, 0, 0, 0, 4, 38
"c:\Users\rxxim\Advanced-FitchFork\frontend\src\pages\shared\status\ServerError.tsx", "TypeScript JSX", 0, 0, 0, 0, 0, 0, 0, 0, 0, 34, 0, 0, 0, 0, 3, 37
"c:\Users\rxxim\Advanced-FitchFork\frontend\src\pages\shared\status\Unauthorized.tsx", "TypeScript JSX", 0, 0, 0, 0, 0, 0, 0, 0, 0, 34, 0, 0, 0, 0, 4, 38
"c:\Users\rxxim\Advanced-FitchFork\frontend\src\pages\shared\status\UnderConstruction.tsx", "TypeScript JSX", 0, 0, 0, 0, 0, 0, 0, 0, 0, 37, 0, 0, 0, 0, 6, 43
"c:\Users\rxxim\Advanced-FitchFork\frontend\src\pages\users\UserView.tsx", "TypeScript JSX", 0, 0, 0, 0, 0, 0, 0, 0, 0, 191, 0, 0, 0, 0, 19, 210
"c:\Users\rxxim\Advanced-FitchFork\frontend\src\pages\users\UsersList.tsx", "TypeScript JSX", 0, 0, 0, 0, 0, 0, 0, 0, 0, 262, 0, 0, 0, 0, 20, 282
"c:\Users\rxxim\Advanced-FitchFork\frontend\src\routes\ProtectedRoute.tsx", "TypeScript JSX", 0, 0, 0, 0, 0, 0, 0, 0, 0, 16, 0, 0, 0, 9, 7, 32
"c:\Users\rxxim\Advanced-FitchFork\frontend\src\services\auth\get.ts", "TypeScript", 0, 0, 44, 0, 0, 0, 0, 0, 0, 0, 0, 0, 0, 0, 11, 55
"c:\Users\rxxim\Advanced-FitchFork\frontend\src\services\auth\index.ts", "TypeScript", 0, 0, 2, 0, 0, 0, 0, 0, 0, 0, 0, 0, 0, 0, 0, 2
"c:\Users\rxxim\Advanced-FitchFork\frontend\src\services\auth\post.ts", "TypeScript", 0, 0, 60, 0, 0, 0, 0, 0, 0, 0, 0, 0, 0, 0, 7, 67
"c:\Users\rxxim\Advanced-FitchFork\frontend\src\services\modules\assignments\config\get.ts", "TypeScript", 0, 0, 8, 0, 0, 0, 0, 0, 0, 0, 0, 0, 0, 0, 1, 9
"c:\Users\rxxim\Advanced-FitchFork\frontend\src\services\modules\assignments\config\index.ts", "TypeScript", 0, 0, 2, 0, 0, 0, 0, 0, 0, 0, 0, 0, 0, 0, 0, 2
"c:\Users\rxxim\Advanced-FitchFork\frontend\src\services\modules\assignments\config\post.ts", "TypeScript", 0, 0, 15, 0, 0, 0, 0, 0, 0, 0, 0, 0, 0, 0, 2, 17
"c:\Users\rxxim\Advanced-FitchFork\frontend\src\services\modules\assignments\delete.ts", "TypeScript", 0, 0, 29, 0, 0, 0, 0, 0, 0, 0, 0, 0, 0, 0, 3, 32
"c:\Users\rxxim\Advanced-FitchFork\frontend\src\services\modules\assignments\get.ts", "TypeScript", 0, 0, 60, 0, 0, 0, 0, 0, 0, 0, 0, 0, 0, 0, 7, 67
"c:\Users\rxxim\Advanced-FitchFork\frontend\src\services\modules\assignments\index.ts", "TypeScript", 0, 0, 4, 0, 0, 0, 0, 0, 0, 0, 0, 0, 0, 0, 0, 4
"c:\Users\rxxim\Advanced-FitchFork\frontend\src\services\modules\assignments\mark-allocator\get.ts", "TypeScript", 0, 0, 8, 0, 0, 0, 0, 0, 0, 0, 0, 0, 0, 0, 2, 10
"c:\Users\rxxim\Advanced-FitchFork\frontend\src\services\modules\assignments\mark-allocator\index.ts", "TypeScript", 0, 0, 3, 0, 0, 0, 0, 0, 0, 0, 0, 0, 0, 0, 0, 3
"c:\Users\rxxim\Advanced-FitchFork\frontend\src\services\modules\assignments\mark-allocator\post.ts", "TypeScript", 0, 0, 10, 0, 0, 0, 0, 0, 0, 0, 0, 0, 0, 0, 1, 11
"c:\Users\rxxim\Advanced-FitchFork\frontend\src\services\modules\assignments\mark-allocator\put.ts", "TypeScript", 0, 0, 14, 0, 0, 0, 0, 0, 0, 0, 0, 0, 0, 0, 1, 15
"c:\Users\rxxim\Advanced-FitchFork\frontend\src\services\modules\assignments\memo-output\get.ts", "TypeScript", 0, 0, 8, 0, 0, 0, 0, 0, 0, 0, 0, 0, 0, 0, 3, 11
"c:\Users\rxxim\Advanced-FitchFork\frontend\src\services\modules\assignments\memo-output\index.ts", "TypeScript", 0, 0, 2, 0, 0, 0, 0, 0, 0, 0, 0, 0, 0, 0, 0, 2
"c:\Users\rxxim\Advanced-FitchFork\frontend\src\services\modules\assignments\memo-output\post.ts", "TypeScript", 0, 0, 10, 0, 0, 0, 0, 0, 0, 0, 0, 0, 0, 0, 1, 11
"c:\Users\rxxim\Advanced-FitchFork\frontend\src\services\modules\assignments\post.ts", "TypeScript", 0, 0, 25, 0, 0, 0, 0, 0, 0, 0, 0, 0, 0, 0, 4, 29
"c:\Users\rxxim\Advanced-FitchFork\frontend\src\services\modules\assignments\put.ts", "TypeScript", 0, 0, 43, 0, 0, 0, 0, 0, 0, 0, 0, 0, 0, 0, 5, 48
"c:\Users\rxxim\Advanced-FitchFork\frontend\src\services\modules\assignments\submissions\get.ts", "TypeScript", 0, 0, 21, 0, 0, 0, 0, 0, 0, 0, 0, 0, 0, 0, 4, 25
"c:\Users\rxxim\Advanced-FitchFork\frontend\src\services\modules\assignments\submissions\index.ts", "TypeScript", 0, 0, 1, 0, 0, 0, 0, 0, 0, 0, 0, 0, 0, 0, 0, 1
"c:\Users\rxxim\Advanced-FitchFork\frontend\src\services\modules\assignments\submissions\post.ts", "TypeScript", 0, 0, 15, 0, 0, 0, 0, 0, 0, 0, 0, 0, 0, 0, 3, 18
"c:\Users\rxxim\Advanced-FitchFork\frontend\src\services\modules\assignments\tasks\delete.ts", "TypeScript", 0, 0, 11, 0, 0, 0, 0, 0, 0, 0, 0, 0, 0, 0, 1, 12
"c:\Users\rxxim\Advanced-FitchFork\frontend\src\services\modules\assignments\tasks\get.ts", "TypeScript", 0, 0, 15, 0, 0, 0, 0, 0, 0, 0, 0, 0, 0, 0, 3, 18
"c:\Users\rxxim\Advanced-FitchFork\frontend\src\services\modules\assignments\tasks\index.ts", "TypeScript", 0, 0, 4, 0, 0, 0, 0, 0, 0, 0, 0, 0, 0, 0, 0, 4
"c:\Users\rxxim\Advanced-FitchFork\frontend\src\services\modules\assignments\tasks\post.ts", "TypeScript", 0, 0, 12, 0, 0, 0, 0, 0, 0, 0, 0, 0, 0, 0, 1, 13
"c:\Users\rxxim\Advanced-FitchFork\frontend\src\services\modules\assignments\tasks\put.ts", "TypeScript", 0, 0, 18, 0, 0, 0, 0, 0, 0, 0, 0, 0, 0, 0, 1, 19
"c:\Users\rxxim\Advanced-FitchFork\frontend\src\services\modules\delete.ts", "TypeScript", 0, 0, 7, 0, 0, 0, 0, 0, 0, 0, 0, 0, 0, 0, 1, 8
"c:\Users\rxxim\Advanced-FitchFork\frontend\src\services\modules\get.ts", "TypeScript", 0, 0, 28, 0, 0, 0, 0, 0, 0, 0, 0, 0, 0, 0, 4, 32
"c:\Users\rxxim\Advanced-FitchFork\frontend\src\services\modules\index.ts", "TypeScript", 0, 0, 4, 0, 0, 0, 0, 0, 0, 0, 0, 0, 0, 0, 0, 4
"c:\Users\rxxim\Advanced-FitchFork\frontend\src\services\modules\personnel\delete.ts", "TypeScript", 0, 0, 14, 0, 0, 0, 0, 0, 0, 0, 0, 0, 0, 0, 2, 16
"c:\Users\rxxim\Advanced-FitchFork\frontend\src\services\modules\personnel\get.ts", "TypeScript", 0, 0, 22, 0, 0, 0, 0, 0, 0, 0, 0, 0, 0, 0, 4, 26
"c:\Users\rxxim\Advanced-FitchFork\frontend\src\services\modules\personnel\index.ts", "TypeScript", 0, 0, 3, 0, 0, 0, 0, 0, 0, 0, 0, 0, 0, 0, 0, 3
"c:\Users\rxxim\Advanced-FitchFork\frontend\src\services\modules\personnel\post.ts", "TypeScript", 0, 0, 14, 0, 0, 0, 0, 0, 0, 0, 0, 0, 0, 0, 2, 16
"c:\Users\rxxim\Advanced-FitchFork\frontend\src\services\modules\post.ts", "TypeScript", 0, 0, 12, 0, 0, 0, 0, 0, 0, 0, 0, 0, 0, 0, 1, 13
"c:\Users\rxxim\Advanced-FitchFork\frontend\src\services\modules\put.ts", "TypeScript", 0, 0, 11, 0, 0, 0, 0, 0, 0, 0, 0, 0, 0, 0, 1, 12
"c:\Users\rxxim\Advanced-FitchFork\frontend\src\services\users\delete.ts", "TypeScript", 0, 0, 7, 0, 0, 0, 0, 0, 0, 0, 0, 0, 0, 0, 1, 8
"c:\Users\rxxim\Advanced-FitchFork\frontend\src\services\users\get.ts", "TypeScript", 0, 0, 23, 0, 0, 0, 0, 0, 0, 0, 0, 0, 0, 0, 3, 26
"c:\Users\rxxim\Advanced-FitchFork\frontend\src\services\users\index.ts", "TypeScript", 0, 0, 3, 0, 0, 0, 0, 0, 0, 0, 0, 0, 0, 0, 0, 3
"c:\Users\rxxim\Advanced-FitchFork\frontend\src\services\users\post.ts", "TypeScript", 0, 0, 23, 0, 0, 0, 0, 0, 0, 0, 0, 0, 0, 2, 3, 28
"c:\Users\rxxim\Advanced-FitchFork\frontend\src\services\users\put.ts", "TypeScript", 0, 0, 11, 0, 0, 0, 0, 0, 0, 0, 0, 0, 0, 0, 1, 12
"c:\Users\rxxim\Advanced-FitchFork\frontend\src\types\auth\index.ts", "TypeScript", 0, 0, 2, 0, 0, 0, 0, 0, 0, 0, 0, 0, 0, 0, 1, 3
"c:\Users\rxxim\Advanced-FitchFork\frontend\src\types\auth\responses.ts", "TypeScript", 0, 0, 13, 0, 0, 0, 0, 0, 0, 0, 0, 0, 0, 6, 6, 25
"c:\Users\rxxim\Advanced-FitchFork\frontend\src\types\auth\shared.ts", "TypeScript", 0, 0, 6, 0, 0, 0, 0, 0, 0, 0, 0, 0, 0, 0, 2, 8
"c:\Users\rxxim\Advanced-FitchFork\frontend\src\types\common\index.ts", "TypeScript", 0, 0, 36, 0, 0, 0, 0, 0, 0, 0, 0, 0, 0, 8, 10, 54
"c:\Users\rxxim\Advanced-FitchFork\frontend\src\types\modules\assignments\config\index.ts", "TypeScript", 0, 0, 1, 0, 0, 0, 0, 0, 0, 0, 0, 0, 0, 0, 0, 1
"c:\Users\rxxim\Advanced-FitchFork\frontend\src\types\modules\assignments\config\shared.ts", "TypeScript", 0, 0, 28, 0, 0, 0, 0, 0, 0, 0, 0, 0, 0, 48, 15, 91
"c:\Users\rxxim\Advanced-FitchFork\frontend\src\types\modules\assignments\index.ts", "TypeScript", 0, 0, 3, 0, 0, 0, 0, 0, 0, 0, 0, 0, 0, 0, 0, 3
"c:\Users\rxxim\Advanced-FitchFork\frontend\src\types\modules\assignments\mark-allocator\index.ts", "TypeScript", 0, 0, 2, 0, 0, 0, 0, 0, 0, 0, 0, 0, 0, 0, 0, 2
"c:\Users\rxxim\Advanced-FitchFork\frontend\src\types\modules\assignments\mark-allocator\requests.ts", "TypeScript", 0, 0, 2, 0, 0, 0, 0, 0, 0, 0, 0, 0, 0, 3, 4, 9
"c:\Users\rxxim\Advanced-FitchFork\frontend\src\types\modules\assignments\mark-allocator\responses.ts", "TypeScript", 0, 0, 4, 0, 0, 0, 0, 0, 0, 0, 0, 0, 0, 6, 4, 14
"c:\Users\rxxim\Advanced-FitchFork\frontend\src\types\modules\assignments\mark-allocator\shared.ts", "TypeScript", 0, 0, 12, 0, 0, 0, 0, 0, 0, 0, 0, 0, 0, 0, 2, 14
"c:\Users\rxxim\Advanced-FitchFork\frontend\src\types\modules\assignments\memo-output\index.ts", "TypeScript", 0, 0, 1, 0, 0, 0, 0, 0, 0, 0, 0, 0, 0, 0, 0, 1
"c:\Users\rxxim\Advanced-FitchFork\frontend\src\types\modules\assignments\memo-output\responses.ts", "TypeScript", 0, 0, 3, 0, 0, 0, 0, 0, 0, 0, 0, 0, 0, 3, 4, 10
"c:\Users\rxxim\Advanced-FitchFork\frontend\src\types\modules\assignments\memo-output\shared.ts", "TypeScript", 0, 0, 10, 0, 0, 0, 0, 0, 0, 0, 0, 0, 0, 0, 2, 12
"c:\Users\rxxim\Advanced-FitchFork\frontend\src\types\modules\assignments\requests.ts", "TypeScript", 0, 0, 21, 0, 0, 0, 0, 0, 0, 0, 0, 0, 0, 13, 11, 45
"c:\Users\rxxim\Advanced-FitchFork\frontend\src\types\modules\assignments\responses.ts", "TypeScript", 0, 0, 23, 0, 0, 0, 0, 0, 0, 0, 0, 0, 0, 12, 16, 51
"c:\Users\rxxim\Advanced-FitchFork\frontend\src\types\modules\assignments\shared.ts", "TypeScript", 0, 0, 47, 0, 0, 0, 0, 0, 0, 0, 0, 0, 0, 0, 9, 56
"c:\Users\rxxim\Advanced-FitchFork\frontend\src\types\modules\assignments\submissions\index.ts", "TypeScript", 0, 0, 2, 0, 0, 0, 0, 0, 0, 0, 0, 0, 0, 0, 0, 2
"c:\Users\rxxim\Advanced-FitchFork\frontend\src\types\modules\assignments\submissions\responses.ts", "TypeScript", 0, 0, 7, 0, 0, 0, 0, 0, 0, 0, 0, 0, 0, 6, 6, 19
"c:\Users\rxxim\Advanced-FitchFork\frontend\src\types\modules\assignments\submissions\shared.ts", "TypeScript", 0, 0, 39, 0, 0, 0, 0, 0, 0, 0, 0, 0, 0, 3, 7, 49
"c:\Users\rxxim\Advanced-FitchFork\frontend\src\types\modules\assignments\tasks\index.ts", "TypeScript", 0, 0, 3, 0, 0, 0, 0, 0, 0, 0, 0, 0, 0, 0, 0, 3
"c:\Users\rxxim\Advanced-FitchFork\frontend\src\types\modules\assignments\tasks\requests.ts", "TypeScript", 0, 0, 5, 0, 0, 0, 0, 0, 0, 0, 0, 0, 0, 0, 0, 5
"c:\Users\rxxim\Advanced-FitchFork\frontend\src\types\modules\assignments\tasks\responses.ts", "TypeScript", 0, 0, 14, 0, 0, 0, 0, 0, 0, 0, 0, 0, 0, 12, 10, 36
"c:\Users\rxxim\Advanced-FitchFork\frontend\src\types\modules\assignments\tasks\shared.ts", "TypeScript", 0, 0, 13, 0, 0, 0, 0, 0, 0, 0, 0, 0, 0, 0, 2, 15
"c:\Users\rxxim\Advanced-FitchFork\frontend\src\types\modules\index.ts", "TypeScript", 0, 0, 3, 0, 0, 0, 0, 0, 0, 0, 0, 0, 0, 0, 0, 3
"c:\Users\rxxim\Advanced-FitchFork\frontend\src\types\modules\personnel\index.ts", "TypeScript", 0, 0, 3, 0, 0, 0, 0, 0, 0, 0, 0, 0, 0, 0, 0, 3
"c:\Users\rxxim\Advanced-FitchFork\frontend\src\types\modules\personnel\requests.ts", "TypeScript", 0, 0, 19, 0, 0, 0, 0, 0, 0, 0, 0, 0, 0, 9, 8, 36
"c:\Users\rxxim\Advanced-FitchFork\frontend\src\types\modules\personnel\responses.ts", "TypeScript", 0, 0, 10, 0, 0, 0, 0, 0, 0, 0, 0, 0, 0, 9, 7, 26
"c:\Users\rxxim\Advanced-FitchFork\frontend\src\types\modules\personnel\shared.ts", "TypeScript", 0, 0, 6, 0, 0, 0, 0, 0, 0, 0, 0, 0, 0, 0, 0, 6
"c:\Users\rxxim\Advanced-FitchFork\frontend\src\types\modules\requests.ts", "TypeScript", 0, 0, 3, 0, 0, 0, 0, 0, 0, 0, 0, 0, 0, 6, 5, 14
"c:\Users\rxxim\Advanced-FitchFork\frontend\src\types\modules\responses.ts", "TypeScript", 0, 0, 27, 0, 0, 0, 0, 0, 0, 0, 0, 0, 0, 12, 12, 51
"c:\Users\rxxim\Advanced-FitchFork\frontend\src\types\modules\shared.ts", "TypeScript", 0, 0, 15, 0, 0, 0, 0, 0, 0, 0, 0, 0, 0, 0, 4, 19
"c:\Users\rxxim\Advanced-FitchFork\frontend\src\types\users\index.ts", "TypeScript", 0, 0, 3, 0, 0, 0, 0, 0, 0, 0, 0, 0, 0, 0, 0, 3
"c:\Users\rxxim\Advanced-FitchFork\frontend\src\types\users\requests.ts", "TypeScript", 0, 0, 9, 0, 0, 0, 0, 0, 0, 0, 0, 0, 0, 6, 8, 23
"c:\Users\rxxim\Advanced-FitchFork\frontend\src\types\users\responses.ts", "TypeScript", 0, 0, 14, 0, 0, 0, 0, 0, 0, 0, 0, 0, 0, 9, 10, 33
"c:\Users\rxxim\Advanced-FitchFork\frontend\src\types\users\shared.ts", "TypeScript", 0, 0, 7, 0, 0, 0, 0, 0, 0, 0, 0, 0, 0, 0, 1, 8
"c:\Users\rxxim\Advanced-FitchFork\frontend\src\utils\EventBus.ts", "TypeScript", 0, 0, 19, 0, 0, 0, 0, 0, 0, 0, 0, 0, 0, 44, 6, 69
"c:\Users\rxxim\Advanced-FitchFork\frontend\src\utils\api\index.ts", "TypeScript", 0, 0, 152, 0, 0, 0, 0, 0, 0, 0, 0, 0, 0, 37, 34, 223
"c:\Users\rxxim\Advanced-FitchFork\frontend\src\utils\authSession.ts", "TypeScript", 0, 0, 49, 0, 0, 0, 0, 0, 0, 0, 0, 0, 0, 0, 9, 58
"c:\Users\rxxim\Advanced-FitchFork\frontend\src\utils\message.tsx", "TypeScript JSX", 0, 0, 0, 0, 0, 0, 0, 0, 0, 43, 0, 0, 0, 0, 8, 51
"c:\Users\rxxim\Advanced-FitchFork\frontend\src\vite-env.d.ts", "TypeScript", 0, 0, 0, 0, 0, 0, 0, 0, 0, 0, 0, 0, 0, 1, 1, 2
"c:\Users\rxxim\Advanced-FitchFork\frontend\tailwind.config.ts", "TypeScript", 0, 0, 11, 0, 0, 0, 0, 0, 0, 0, 0, 0, 0, 1, 3, 15
"c:\Users\rxxim\Advanced-FitchFork\frontend\tsconfig.app.json", "JSON", 0, 28, 0, 0, 0, 0, 0, 0, 0, 0, 0, 0, 0, 0, 4, 32
"c:\Users\rxxim\Advanced-FitchFork\frontend\tsconfig.json", "JSON with Comments", 11, 0, 0, 0, 0, 0, 0, 0, 0, 0, 0, 0, 0, 0, 1, 12
"c:\Users\rxxim\Advanced-FitchFork\frontend\tsconfig.node.json", "JSON", 0, 21, 0, 0, 0, 0, 0, 0, 0, 0, 0, 0, 0, 2, 3, 26
"c:\Users\rxxim\Advanced-FitchFork\frontend\vite.config.ts", "TypeScript", 0, 0, 20, 0, 0, 0, 0, 0, 0, 0, 0, 0, 0, 0, 3, 23
"c:\Users\rxxim\Advanced-FitchFork\tests\README.md", "Markdown", 0, 0, 0, 0, 45, 0, 0, 0, 0, 0, 0, 0, 0, 0, 16, 61
"c:\Users\rxxim\Advanced-FitchFork\tests\cypress.config.js", "JavaScript", 0, 0, 0, 34, 0, 0, 0, 0, 0, 0, 0, 0, 0, 0, 3, 37
"c:\Users\rxxim\Advanced-FitchFork\tests\cypress\e2e\auth\login.cy.js", "JavaScript", 0, 0, 0, 56, 0, 0, 0, 0, 0, 0, 0, 0, 0, 2, 15, 73
"c:\Users\rxxim\Advanced-FitchFork\tests\cypress\e2e\auth\signup.cy.js", "JavaScript", 0, 0, 0, 60, 0, 0, 0, 0, 0, 0, 0, 0, 0, 0, 14, 74
"c:\Users\rxxim\Advanced-FitchFork\tests\cypress\e2e\roles\admin\assignments.cy.js", "JavaScript", 0, 0, 0, 204, 0, 0, 0, 0, 0, 0, 0, 0, 0, 11, 30, 245
"c:\Users\rxxim\Advanced-FitchFork\tests\cypress\e2e\roles\admin\modules.cy.js", "JavaScript", 0, 0, 0, 74, 0, 0, 0, 0, 0, 0, 0, 0, 0, 1, 14, 89
"c:\Users\rxxim\Advanced-FitchFork\tests\cypress\e2e\roles\admin\personnel.cy.js", "JavaScript", 0, 0, 0, 93, 0, 0, 0, 0, 0, 0, 0, 0, 0, 4, 24, 121
"c:\Users\rxxim\Advanced-FitchFork\tests\cypress\e2e\roles\admin\submissions.cy.js", "JavaScript", 0, 0, 0, 51, 0, 0, 0, 0, 0, 0, 0, 0, 0, 3, 9, 63
"c:\Users\rxxim\Advanced-FitchFork\tests\cypress\e2e\roles\admin\users.cy.js", "JavaScript", 0, 0, 0, 26, 0, 0, 0, 0, 0, 0, 0, 0, 0, 2, 9, 37
"c:\Users\rxxim\Advanced-FitchFork\tests\cypress\e2e\roles\lecturer\assignments.cy.js", "JavaScript", 0, 0, 0, 57, 0, 0, 0, 0, 0, 0, 0, 0, 0, 9, 12, 78
"c:\Users\rxxim\Advanced-FitchFork\tests\cypress\e2e\roles\lecturer\modules.cy.js", "JavaScript", 0, 0, 0, 71, 0, 0, 0, 0, 0, 0, 0, 0, 0, 5, 15, 91
"c:\Users\rxxim\Advanced-FitchFork\tests\cypress\e2e\roles\lecturer\personnel.cy.js", "JavaScript", 0, 0, 0, 72, 0, 0, 0, 0, 0, 0, 0, 0, 0, 5, 13, 90
"c:\Users\rxxim\Advanced-FitchFork\tests\cypress\e2e\roles\lecturer\routes.cy.js", "JavaScript", 0, 0, 0, 11, 0, 0, 0, 0, 0, 0, 0, 0, 0, 0, 2, 13
"c:\Users\rxxim\Advanced-FitchFork\tests\cypress\e2e\roles\lecturer\submissions.cy.js", "JavaScript", 0, 0, 0, 86, 0, 0, 0, 0, 0, 0, 0, 0, 0, 0, 11, 97
"c:\Users\rxxim\Advanced-FitchFork\tests\cypress\e2e\roles\student\routes.cy.js", "JavaScript", 0, 0, 0, 63, 0, 0, 0, 0, 0, 0, 0, 0, 0, 4, 11, 78
"c:\Users\rxxim\Advanced-FitchFork\tests\cypress\e2e\roles\tutor\assignments.cy.js", "JavaScript", 0, 0, 0, 73, 0, 0, 0, 0, 0, 0, 0, 0, 0, 5, 13, 91
"c:\Users\rxxim\Advanced-FitchFork\tests\cypress\e2e\roles\tutor\routes.cy.js", "JavaScript", 0, 0, 0, 60, 0, 0, 0, 0, 0, 0, 0, 0, 0, 5, 11, 76
"c:\Users\rxxim\Advanced-FitchFork\tests\cypress\e2e\roles\tutor\submissions.cy.js", "JavaScript", 0, 0, 0, 88, 0, 0, 0, 0, 0, 0, 0, 0, 0, 7, 12, 107
"c:\Users\rxxim\Advanced-FitchFork\tests\cypress\fixtures\config.json", "JSON", 0, 9, 0, 0, 0, 0, 0, 0, 0, 0, 0, 0, 0, 0, 0, 9
"c:\Users\rxxim\Advanced-FitchFork\tests\cypress\fixtures\users.json", "JSON", 0, 22, 0, 0, 0, 0, 0, 0, 0, 0, 0, 0, 0, 0, 0, 22
"c:\Users\rxxim\Advanced-FitchFork\tests\cypress\support\commands\api\auth.js", "JavaScript", 0, 0, 0, 100, 0, 0, 0, 0, 0, 0, 0, 0, 0, 32, 14, 146
"c:\Users\rxxim\Advanced-FitchFork\tests\cypress\support\commands\api\index.js", "JavaScript", 0, 0, 0, 3, 0, 0, 0, 0, 0, 0, 0, 0, 0, 0, 0, 3
"c:\Users\rxxim\Advanced-FitchFork\tests\cypress\support\commands\api\modules\assignments\files.js", "JavaScript", 0, 0, 0, 59, 0, 0, 0, 0, 0, 0, 0, 0, 0, 21, 9, 89
"c:\Users\rxxim\Advanced-FitchFork\tests\cypress\support\commands\api\modules\assignments\index.js", "JavaScript", 0, 0, 0, 243, 0, 0, 0, 0, 0, 0, 0, 0, 0, 88, 27, 358
"c:\Users\rxxim\Advanced-FitchFork\tests\cypress\support\commands\api\modules\assignments\mark_allocator.js", "JavaScript", 0, 0, 0, 21, 0, 0, 0, 0, 0, 0, 0, 0, 0, 9, 3, 33
"c:\Users\rxxim\Advanced-FitchFork\tests\cypress\support\commands\api\modules\assignments\memo_output.js", "JavaScript", 0, 0, 0, 21, 0, 0, 0, 0, 0, 0, 0, 0, 0, 9, 3, 33
"c:\Users\rxxim\Advanced-FitchFork\tests\cypress\support\commands\api\modules\assignments\submissions.js", "JavaScript", 0, 0, 0, 28, 0, 0, 0, 0, 0, 0, 0, 0, 0, 10, 4, 42
"c:\Users\rxxim\Advanced-FitchFork\tests\cypress\support\commands\api\modules\assignments\tasks.js", "JavaScript", 0, 0, 0, 82, 0, 0, 0, 0, 0, 0, 0, 0, 0, 31, 7, 120
"c:\Users\rxxim\Advanced-FitchFork\tests\cypress\support\commands\api\modules\index.js", "JavaScript", 0, 0, 0, 73, 0, 0, 0, 0, 0, 0, 0, 0, 0, 13, 8, 94
"c:\Users\rxxim\Advanced-FitchFork\tests\cypress\support\commands\api\modules\personnel.js", "JavaScript", 0, 0, 0, 68, 0, 0, 0, 0, 0, 0, 0, 0, 0, 22, 8, 98
"c:\Users\rxxim\Advanced-FitchFork\tests\cypress\support\commands\api\users.js", "JavaScript", 0, 0, 0, 91, 0, 0, 0, 0, 0, 0, 0, 0, 0, 19, 10, 120
"c:\Users\rxxim\Advanced-FitchFork\tests\cypress\support\commands\index.js", "JavaScript", 0, 0, 0, 2, 0, 0, 0, 0, 0, 0, 0, 0, 0, 0, 1, 3
"c:\Users\rxxim\Advanced-FitchFork\tests\cypress\support\commands\ui\assignments.js", "JavaScript", 0, 0, 0, 97, 0, 0, 0, 0, 0, 0, 0, 0, 0, 49, 33, 179
"c:\Users\rxxim\Advanced-FitchFork\tests\cypress\support\commands\ui\auth.js", "JavaScript", 0, 0, 0, 19, 0, 0, 0, 0, 0, 0, 0, 0, 0, 25, 5, 49
"c:\Users\rxxim\Advanced-FitchFork\tests\cypress\support\commands\ui\index.js", "JavaScript", 0, 0, 0, 6, 0, 0, 0, 0, 0, 0, 0, 0, 0, 0, 0, 6
"c:\Users\rxxim\Advanced-FitchFork\tests\cypress\support\commands\ui\modules.js", "JavaScript", 0, 0, 0, 51, 0, 0, 0, 0, 0, 0, 0, 0, 0, 65, 16, 132
"c:\Users\rxxim\Advanced-FitchFork\tests\cypress\support\commands\ui\personnel.js", "JavaScript", 0, 0, 0, 32, 0, 0, 0, 0, 0, 0, 0, 0, 0, 17, 16, 65
"c:\Users\rxxim\Advanced-FitchFork\tests\cypress\support\commands\ui\submissions.js", "JavaScript", 0, 0, 0, 27, 0, 0, 0, 0, 0, 0, 0, 0, 0, 22, 8, 57
"c:\Users\rxxim\Advanced-FitchFork\tests\cypress\support\commands\ui\users.js", "JavaScript", 0, 0, 0, 32, 0, 0, 0, 0, 0, 0, 0, 0, 0, 0, 9, 41
"c:\Users\rxxim\Advanced-FitchFork\tests\cypress\support\commands\utils\api.js", "JavaScript", 0, 0, 0, 1, 0, 0, 0, 0, 0, 0, 0, 0, 0, 0, 1, 2
"c:\Users\rxxim\Advanced-FitchFork\tests\cypress\support\commands\utils\auth.js", "JavaScript", 0, 0, 0, 30, 0, 0, 0, 0, 0, 0, 0, 0, 0, 28, 6, 64
"c:\Users\rxxim\Advanced-FitchFork\tests\cypress\support\e2e.js", "JavaScript", 0, 0, 0, 2, 0, 0, 0, 0, 0, 0, 0, 0, 0, 0, 1, 3
"c:\Users\rxxim\Advanced-FitchFork\tests\cypress\support\index.js", "JavaScript", 0, 0, 0, 1, 0, 0, 0, 0, 0, 0, 0, 0, 0, 0, 0, 1
"c:\Users\rxxim\Advanced-FitchFork\tests\jsconfig.json", "JSON with Comments", 14, 0, 0, 0, 0, 0, 0, 0, 0, 0, 0, 0, 0, 2, 2, 18
"c:\Users\rxxim\Advanced-FitchFork\tests\k6\scenarios\submissionLoad\index.js", "JavaScript", 0, 0, 0, 26, 0, 0, 0, 0, 0, 0, 0, 0, 0, 1, 7, 34
"c:\Users\rxxim\Advanced-FitchFork\tests\k6\scenarios\submissionLoad\phases\01_createModule.js", "JavaScript", 0, 0, 0, 20, 0, 0, 0, 0, 0, 0, 0, 0, 0, 0, 7, 27
"c:\Users\rxxim\Advanced-FitchFork\tests\k6\scenarios\submissionLoad\phases\02_setupAssignment.js", "JavaScript", 0, 0, 0, 65, 0, 0, 0, 0, 0, 0, 0, 0, 0, 9, 12, 86
"c:\Users\rxxim\Advanced-FitchFork\tests\k6\scenarios\submissionLoad\phases\03_registerUsers.js", "JavaScript", 0, 0, 0, 41, 0, 0, 0, 0, 0, 0, 0, 0, 0, 4, 9, 54
"c:\Users\rxxim\Advanced-FitchFork\tests\k6\scenarios\submissionLoad\phases\04_enrollUsers.js", "JavaScript", 0, 0, 0, 14, 0, 0, 0, 0, 0, 0, 0, 0, 0, 4, 3, 21
"c:\Users\rxxim\Advanced-FitchFork\tests\k6\scenarios\submissionLoad\phases\05_uploadSubmission.js", "JavaScript", 0, 0, 0, 24, 0, 0, 0, 0, 0, 0, 0, 0, 0, 0, 6, 30
"c:\Users\rxxim\Advanced-FitchFork\tests\k6\shared\auth.js", "JavaScript", 0, 0, 0, 19, 0, 0, 0, 0, 0, 0, 0, 0, 0, 0, 5, 24
"c:\Users\rxxim\Advanced-FitchFork\tests\k6\shared\config.js", "JavaScript", 0, 0, 0, 2, 0, 0, 0, 0, 0, 0, 0, 0, 0, 0, 0, 2
"c:\Users\rxxim\Advanced-FitchFork\tests\k6\shared\http.js", "JavaScript", 0, 0, 0, 14, 0, 0, 0, 0, 0, 0, 0, 0, 0, 8, 4, 26
"c:\Users\rxxim\Advanced-FitchFork\tests\k6\test_files\config.json", "JSON", 0, 10, 0, 0, 0, 0, 0, 0, 0, 0, 0, 0, 0, 0, 0, 10
"c:\Users\rxxim\Advanced-FitchFork\tests\package-lock.json", "JSON", 0, 5529, 0, 0, 0, 0, 0, 0, 0, 0, 0, 0, 0, 0, 1, 5530
"c:\Users\rxxim\Advanced-FitchFork\tests\package.json", "JSON", 0, 16, 0, 0, 0, 0, 0, 0, 0, 0, 0, 0, 0, 0, 0, 16
"c:\Users\rxxim\Advanced-FitchFork\tests\webpack.config.js", "JavaScript", 0, 0, 0, 7, 0, 0, 0, 0, 0, 0, 0, 0, 0, 0, 2, 9
"Total", "-", 25, 18185, 1500, 2551, 285, 33, 60, 4970, 361, 10308, 40743, 13, 13, 9487, 9074, 97608